"country","year","hom","ineq","unemp","edu","gdp","polic","tertiary","second","unemployment_low","unemployment_medium","unemployment_high","unsent"
"Albania",2003,5.33589649200439,30.25,15,8,1890.68151855468,399.549987792968,16.73955,86.91026,0,0,1,19.133150100708
"Albania",2004,4.22887992858886,31.1000003814697,14.3999996185302,8,2416.58813476562,399.320007324218,19.99223,88.207,0,0,1,26.8418788909912
"Albania",2005,5.00133323669433,31.7000007629394,14.1381473541259,8,2709.14282226562,340.670013427734,23.31333,89.593,0,0,1,33.641975402832
"Albania",2006,3.11033749580383,31.25950050354,13.8197345733642,8,3005.01293945312,344.179992675781,26.78653,90.8,0,0,1,32.9366493225098
"Albania",2007,3.47232890129089,31.25,15.9663171768188,8,3603.013671875,322.170013427734,30.87639,92.0967,0,0,1,63.261646270752
"Albania",2008,3.10865139961242,30.3999996185302,13.5992841720581,8,4370.53955078125,323.040008544921,32.3122,91.60508,0,0,1,39.6053695678711
"Albania",2009,2.86906766891479,30.7537994384765,13.6738996505737,8,4114.13671875,315,33.63087,90.47435,0,0,1,34.8832206726074
"Albania",2010,4.31895685195922,30.2651004791259,14.8644256591796,8,4094.35888671875,333.230010986328,44.87463,94.95968,0,0,1,40.4766998291016
"Albania",2011,4.85194873809814,29.6180000305175,13.4889984130859,8,4437.17822265625,336.899993896484,50.19837,94.19111,0,0,1,39.7080917358398
"Albania",2012,5.37664031982421,29,13.3759269714355,9,4247.6142578125,337.700012207031,61.44663,93.37505,0,0,1,38.0251197814941
"Albania",2013,4.24806213378906,27.8456001281738,15.8659400939941,9,4413.08154296875,328.690002441406,68.07823,91.67738,0,0,1,39.5158042907715
"Albania",2014,4.00578594207763,26.7203006744384,17.4878597259521,9,4578.66650390625,333.079986572265,70.34586,90.80849,0,0,1,51.3974304199219
"Albania",2015,2.25768232345581,25.4356002807617,17.7999992370605,9,3952.83081054687,336.350006103515,66.40289,96.46889,0,0,1,49.2392578125
"Austria",2003,0.611557066440582,29.5,4.80000019073486,8,32222.896484375,331,56.4528,103.81988,1,0,0,25.9400005340576
"Austria",2004,0.718040645122528,30,5.5,8,36821.51953125,330.760009765625,58.6786,103.13,1,0,0,24.4839992523193
"Austria",2005,0.654255986213684,29.7999992370605,5.59999990463256,8,38403.1328125,329.220001220703,60.9044,102.743,0,1,0,23.2469863891602
"Austria",2006,0.736293911933898,28.7000007629394,5.30000019073486,8,40635.28125,321.950012207031,63.1302,102.33033,1,0,0,23.4980564117432
"Austria",2007,0.541400074958801,29.5,4.90000009536743,8,46855.7734375,320.709991455078,63.05174,101.40468,1,0,0,21.7931652069092
"Austria",2008,0.695572674274444,27.7999992370605,4.09999990463256,8,51708.765625,319.549987792968,65.9017,100.72989,1,0,0,22.829776763916
"Austria",2009,0.609316229820251,31.5,5.30000019073486,8,47963.1796875,318.410003662109,68.136,100.06401,1,0,0,22.8984851837158
"Austria",2010,0.689659357070922,30.2999992370605,4.80000019073486,8,46858.04296875,327.739990234375,75.64574,101.90101,1,0,0,21.6611824035645
"Austria",2011,0.886539101600646,38.2000007629394,4.59999990463256,9,51374.95703125,329.029998779296,78.52225,101.71398,1,0,0,20.3931198120117
"Austria",2012,0.927496969699859,30.5,4.90000009536743,9,48567.6953125,328.709991455078,78.88093,99.23123,1,0,0,20.3407154083252
"Austria",2013,0.722797572612762,30.7999992370605,5.40000009536743,9,50716.70703125,327.359985351562,78.6630799999999,97.16634,1,0,0,20.4130001068115
"Austria",2014,0.521242380142211,30.5,5.59999990463256,9,51704.54296875,327.559997558593,78.9719999999999,96.68084,0,1,0,21.0998630523682
"Austria",2015,0.53003591299057,27.2000007629394,5.69999980926513,9,44206.78515625,327.190002441406,80.56431,96.0398,0,1,0,20.7947387695312
"Belgium",2003,2.20749878883361,28.1000003814697,8.19999980926513,12,30743.90234375,348.33999633789,59.83446,92.131,0,1,0,40.9500007629395
"Belgium",2004,2.55722332000732,30.5,8.39999961853027,12,35589.6875,352.700012207031,61.02287,91.29,0,1,0,39.939998626709
"Belgium",2005,2.0954053401947,31.1000003814697,8.5,12,36967.2578125,368.429992675781,61.08548,90.3,0,1,0,37.8666687011719
"Belgium",2006,2.08106422424316,29.2999992370605,8.30000019073486,12,38852.37109375,366.470001220703,61.65359,89.60427,0,1,0,37.9200019836426
"Belgium",2007,1.97236168384552,28,7.5,12,44403.765625,361.690002441406,61.19985,86.28532,0,1,0,36.9099998474121
"Belgium",2008,1.88326132297515,28.5,7,12,48424.57421875,357.920013427734,62.08556,83.71185,0,1,0,35.9000015258789
"Belgium",2009,1.74028503894805,28.5,7.90000009536743,12,44880.57421875,367.820007324218,65.26719,84.16858,0,1,0,34.8899993896484
"Belgium",2010,1.72780430316925,28.3999996185302,8.30000019073486,12,44380.17578125,365.269989013671,67.82881,89.30755,0,1,0,35.1481857299805
"Belgium",2011,1.94314348697662,28.1000003814697,7.19999980926513,12,47702.8125,343.890014648437,69.84253,92.20604,0,1,0,33.6283187866211
"Belgium",2012,1.84958791732788,27.5,7.59999990463256,12,44740.58203125,346.079986572265,71.19468,92.56113,0,1,0,32.108455657959
"Belgium",2013,1.83831572532653,27.7000007629394,8.39999961853027,12,46582.66796875,345.480010986328,72.11816,93.75625,0,1,0,30.8499984741211
"Belgium",2014,1.85397112369537,28.1000003814697,8.5,12,47351.97265625,343.690002441406,72.9970699999999,93.92957,0,1,0,29.8400020599365
"Belgium",2015,1.94898271560668,27.7000007629394,8.5,12,40361.15234375,340.170013427734,74.5577799999999,95.03984,0,1,0,27.4604320526123
"Brazil",2003,25.6614761352539,57.599998474121,9.10000038146972,8,3059.58642578125,109.899002075195,23.21699,76.391,0,0,1,21.6000003814697
"Brazil",2004,24.0226764678955,56.5,9.72999954223632,8,3623.0498046875,123.581001281738,24.49124,75.85272,0,0,1,27.7200012207031
"Brazil",2005,23.3496646881103,56.2999992370605,8.89000034332275,8,4770.18408203125,137.263000488281,25.98963,74.793,0,0,1,28.2555160522461
"Brazil",2006,23.8535442352294,55.599998474121,9.31000041961669,9,5860.14599609375,188.649993896484,28.38816,73.581,0,0,1,43.3146553039551
"Brazil",2007,23.3606166839599,54.9000015258789,8.09000015258789,9,7313.5576171875,155.970001220703,30.78669,72.625,0,1,0,43.4383201599121
"Brazil",2008,23.7771949768066,54,7.63000011444091,9,8787.6103515625,177.610000610351,35.5621,71.992,0,1,0,30.791919708252
"Brazil",2009,22.841926574707,53.7000007629394,8.27999973297119,9,8553.3818359375,169.110000610351,37.0384,71.62493,0,1,0,42.5500831604004
"Brazil",2010,21.9882221221923,53.2999992370605,6.73979997634887,9,11224.154296875,138.75,40.249115,71.687525,0,1,0,41.8770942687988
"Brazil",2011,24.2009162902832,52.9000015258789,6.69000005722045,9,13167.47265625,257.420013427734,43.45983,71.75012,0,1,0,40.6180267333984
"Brazil",2012,26.452802658081,52.599998474121,7.19000005722045,9,12291.466796875,240.740005493164,44.96641,72.123,0,1,0,40.3345146179199
"Brazil",2013,26.7592334747314,52.7999992370605,6.98999977111816,14,12216.904296875,262.420013427734,46.81655,72.291,0,1,0,40.5332832336426
"Brazil",2014,27.9565753936767,51.5,6.67000007629394,14,12026.619140625,260.401000976562,49.91353,72.492,0,1,0,41.168212890625
"Brazil",2015,28.3833770751953,51.2999992370605,8.4399995803833,14,8750.22265625,274.0830078125,51.05413,73.0192,0,1,0,37.471981048584
"Bulgaria",2003,3.16509175300598,27.2000007629394,13.6999998092651,9,2698.62426757812,506.149993896484,41.62177,62.36627,0,0,1,18.487979888916
"Bulgaria",2004,3.15112590789794,35.7999992370605,12.1000003814697,9,3363.79956054687,492.459991455078,42.55714,61.62263,0,0,1,18.2871856689453
"Bulgaria",2005,2.58987689018249,29.3999996185302,10.1000003814697,9,3869.52954101562,478.769989013671,45.37209,64.60001,0,0,1,18.1881771087646
"Bulgaria",2006,2.4393572807312,31,9,9,4490.20166015625,451.390014648437,47.15608,62.69926,0,0,1,12.2445287704468
"Bulgaria",2007,2.33911967277526,28.2000007629394,6.90000009536743,9,5885.94921875,437.700012207031,50.59921,60.592,0,1,0,9.26881504058838
"Bulgaria",2008,2.29017877578735,36.2000007629394,5.59999990463256,9,7261.75439453125,449.850006103515,51.92299,56.39984,0,1,0,8.43962574005127
"Bulgaria",2009,2.01179456710815,33.7999992370605,6.80000019073486,9,6969.55859375,411.619995117187,54.23975,52.55882,0,1,0,9.88230037689209
"Bulgaria",2010,1.99876022338867,35.7000007629394,10.3000001907348,9,6843.26708984375,397.429992675781,57.79623,49.87342,0,0,1,11.2911825180054
"Bulgaria",2011,1.74002575874328,35.7999992370605,11.3000001907348,11,7813.806640625,399.140014648437,59.03248,45.49215,0,0,1,11.1178550720215
"Bulgaria",2012,1.92876350879669,36,12.3000001907348,11,7378.02490234375,385.649993896484,61.34677,42.56773,0,0,1,9.7650899887085
"Bulgaria",2013,1.50010848045349,36.599998474121,13,11,7674.86181640625,369.140014648437,64.18284,45.56088,0,0,1,8.7616024017334
"Bulgaria",2014,1.60617101192474,37.4000015258789,11.3999996185302,11,7853.3330078125,391.190002441406,67.56694,50.84621,0,0,1,8.50063514709473
"Bulgaria",2015,1.79730916023254,37,9.19999980926513,11,6993.4755859375,314.209991455078,70.30455,48.08207,0,0,1,9.30075550079346
"Chile",2003,3.24692964553833,51.5,9.5,12,4787.69970703125,163.483001708984,43.31059,94.6184,0,0,1,41.9497947692871
"Chile",2004,3.40707087516784,51.9000015258789,10,12,6210.828125,193.899993896484,43.5159,94.3622,0,0,1,36.7906684875488
"Chile",2005,3.56721186637878,51.3500022888183,9.34152603149414,12,7615.3046875,189.419998168945,48.7186,94.2341,0,0,1,33.0227279663086
"Chile",2006,3.61524224281311,50.7999992370605,8.88449192047119,12,9484.681640625,194.130004882812,47.53733,94.106,0,0,1,27.7485198974609
"Chile",2007,3.73521518707275,52.2999992370605,8.42745780944824,12,10526.8779296875,193.320007324218,53.27978,94.3595,0,1,0,22.3539199829102
"Chile",2008,3.52900028228759,50.6499977111816,9.2849998474121,12,10781.3662109375,200.419998168945,56.32306,94.613,0,0,1,21.3761425018311
"Chile",2009,3.74343967437744,49,8.85466003417968,12,10243.328125,207.899993896484,60.99371,94.84359,0,0,1,21.1804828643799
"Chile",2010,3.18359756469726,48.2999992370605,8.42431926727294,12,12860.177734375,214.570007324218,68.78834,94.958885,0,1,0,19.5517711639404
"Chile",2011,3.70772910118103,47.599998474121,7.54185962677001,12,14705.6923828125,238.070007324218,74.26195,95.07418,0,1,0,17.8869743347168
"Chile",2012,2.507257938385,47.4500007629394,6.65939998626708,12,15431.9033203125,269.700012207031,78.77657,94.6829,0,1,0,19.7757759094238
"Chile",2013,3.1838777065277,47.2999992370605,6.66214990615844,13,15941.3974609375,273.350006103515,83.2779599999999,92.2581,0,1,0,21.813383102417
"Chile",2014,3.62216019630432,47.5,6.6648998260498,13,14794.3154296875,278.390014648437,86.24651,95.93785,0,1,0,24.3168621063232
"Chile",2015,3.00630283355712,47.7000007629394,6.70155906677246,13,13736.6357421875,283.359985351562,88.34568,92.97159,0,1,0,27.5558910369873
"Colombia",2003,55.8049812316894,53.2000007629394,14.1891298294067,10,2246.25756835937,292.781097412109,22.6869,68.6262,0,0,1,42.3864326477051
"Colombia",2004,47.3034439086914,56.099998474121,13.7177629470825,10,2740.24951171875,287.399993896484,26.61453,70.02641,0,0,1,42.3566627502441
"Colombia",2005,41.8406715393066,54.7999992370605,11.869999885559,10,3386.02563476562,296.609985351562,29.18513,75.96508,0,0,1,38.5296783447266
"Colombia",2006,39.8738708496093,58.7000007629394,12.2984151840209,10,3709.07885742187,317.970001220703,31.332,79.31177,0,0,1,32.2437133789062
"Colombia",2007,38.7564315795898,58.9000015258789,11.2447319030761,10,4674.2197265625,305.679992675781,32.63257,82.24174,0,0,1,34.8772850036621
"Colombia",2008,35.9453125,55.5,11.2729997634887,10,5433.72021484375,324.869995117187,35.24593,85.4022,0,0,1,34.3745994567871
"Colombia",2009,34.8267936706542,55.2000007629394,12.6599998474121,10,5148.421875,325.239990234375,37.07871,93.02327,0,0,1,32.3310356140137
"Colombia",2010,33.6664657592773,55.4000015258789,1.98425996303558,10,6250.6552734375,337.130004882812,39.4091,96.73419,1,0,0,30.6901607513428
"Colombia",2011,34.7514877319335,53.5,1.11899924278259,10,7227.73974609375,343.440002441406,43.50342,95.89893,1,0,0,27.1973400115967
"Colombia",2012,35.0671577453613,55,9.74545097351074,10,7884.984375,343.08999633789,46.21621,92.82643,0,0,1,30.3563270568848
"Colombia",2013,32.5687141418457,52.9000015258789,9.51699638366699,10,8030.5859375,366.730010986328,50.104,77.82067,0,0,1,30.8684349060059
"Colombia",2014,27.9189510345458,52.7999992370605,8.57219982147216,10,7913.38330078125,311.779998779296,53.27874,78.23865,0,0,1,33.5293006896973
"Colombia",2015,26.5028934478759,51.099998474121,8.29899978637695,10,6044.525390625,354.474304199218,55.65726,77.64299,0,1,0,35.4961624145508
"Costa Rica",2003,7.27101564407348,49.2999992370605,6.55887746810913,11,4167.7138671875,231.898193359375,25.7105,56.0472,0,1,0,20
"Costa Rica",2004,6.68730497360229,48.2999992370605,6.39999771118164,11,4425.50732421875,232.73680114746,27.28148,53.99016,0,1,0,21.9522972106934
"Costa Rica",2005,7.88635921478271,47.5,6.57199192047119,11,4697.01123046875,261.309997558593,30.6595,58.07128,0,1,0,18.1673851013184
"Costa Rica",2006,8.14613056182861,49.4000015258789,5.73999977111816,11,5245.1875,222.449996948242,33.134,57.46381,0,1,0,21.6026973724365
"Costa Rica",2007,8.44496250152587,49.2999992370605,4.48999977111816,11,6120.62353515625,217.139999389648,35.6085,57.81992,1,0,0,23.2266674041748
"Costa Rica",2008,11.5588455200195,48.7000007629394,4.78113746643066,11,6911.13623046875,231.850006103515,38.083,59.20774,1,0,0,25.3130702972412
"Costa Rica",2009,11.6971750259399,50.599998474121,7.71299982070922,11,6809.39599609375,250.360000610351,40.5575,55.65851,0,1,0,28.395715713501
"Costa Rica",2010,11.5944452285766,48.2000007629394,7.17829465866088,11,8199.4150390625,256.529998779296,43.032,54.71223,0,1,0,25.2253112792969
"Costa Rica",2011,10.3032865524291,48.7000007629394,10.1800003051757,13,9186.5966796875,270.619995117187,47.18065,53.90723,0,0,1,24.7984199523926
"Costa Rica",2012,8.74493598937988,48.599998474121,9.89999961853027,13,9985.369140625,278.140014648437,49.32593,58.64208,0,0,1,24.3454914093018
"Costa Rica",2013,8.73278713226318,49.2999992370605,8.96000003814697,13,10569.666015625,280.720001220703,50.00926,55.81621,0,0,1,22.4518203735352
"Costa Rica",2014,10.0261163711547,48.599998474121,9.11999988555908,13,10630.998046875,280.285003662109,53.03867,58.83444,0,0,1,21.2357444763184
"Costa Rica",2015,11.5852155685424,48.4000015258789,9.26000022888183,13,11393.0244140625,279.850006103515,53.62966,59.13885,0,0,1,18.0941486358643
"Croatia",2003,1.57213139533996,30.3656005859375,14.1000003814697,8,7805.88134765625,458.350006103515,40.77352,90.11455,0,0,1,32.5133666992188
"Croatia",2004,1.89328277111053,30.7070007324218,13.8000001907348,8,9365.7421875,441.58999633789,42.06093,92.53087,0,0,1,30.0099048614502
"Croatia",2005,1.55320048332214,28.7999992370605,13,8,10224.3037109375,429.119995117187,44.76394,94.94719,0,0,1,31.7073173522949
"Croatia",2006,1.69309306144714,32.2410011291503,11.6000003814697,8,11363.41796875,430.899993896484,45.58529,97.87799,0,0,1,30.2113227844238
"Croatia",2007,1.42127966880798,31.4335994720458,9.89999961853027,8,13546.7138671875,469.899993896484,47.1885,97.19591,0,0,1,30.2331008911133
"Croatia",2008,1.6312733888626,31.5765991210937,8.60000038146972,8,15893.8603515625,456.309997558593,49.16588,98.88027,0,0,1,28.6016044616699
"Croatia",2009,1.12875032424926,30.2999992370605,9.30000019073486,8,14157.1552734375,466.559997558593,48.78758,101.13755,0,0,1,24.7802085876465
"Croatia",2010,1.43248176574707,32.4000015258789,11.8000001907348,8,13542.9013671875,482.950012207031,54.0299,99.70617,0,0,1,23.0590515136719
"Croatia",2011,1.13600242137908,32.2999992370605,13.6999998092651,8,14571.4912109375,491.25,57.22782,102.13849,0,0,1,17.6239185333252
"Croatia",2012,1.18700551986694,32.5,15.8000001907348,8,13254.7646484375,497.760009765625,60.36853,96.99413,0,0,1,16.1780204772949
"Croatia",2013,1.07531762123107,32,17.3999996185302,8,13648.990234375,485.709991455078,65.25538,102.6325,0,0,1,21.4613971710205
"Croatia",2014,0.845560073852539,32.099998474121,17.2000007629394,8,13597.0341796875,483.149993896484,67.5591199999999,103.629,0,0,1,21.5785274505615
"Croatia",2015,0.873462259769439,31.1000003814697,16.1000003814697,8,11757.8896484375,487.859985351562,66.9972,104.6255,0,0,1,21.8198146820068
"Cyprus",2003,1.4090701341629,28.5265998840332,4.09999990463256,9,20293.408203125,478.179992675781,31.96361,95.85645,1,0,0,15.5988855361938
"Cyprus",2004,1.58351564407348,30.1000003814697,4.59999990463256,9,23932.4921875,483.739990234375,35.86369,98.73726,1,0,0,18.2819385528564
"Cyprus",2005,1.94617271423339,30.2999992370605,5.30000019073486,10,25324.486328125,496.329986572265,33.22082,99.84482,1,0,0,16.7330684661865
"Cyprus",2006,1.43470788002014,31.1000003814697,4.59999990463256,10,27169.9921875,491.179992675781,33.41991,99.81641,1,0,0,17.1280288696289
"Cyprus",2007,1.22213530540466,31.1000003814697,3.90000009536743,10,31386.6328125,490.950012207031,36.17381,86.62771,1,0,0,12.6142587661743
"Cyprus",2008,0.832129061222076,31.7000007629394,3.70000004768371,10,35390.703125,497.670013427734,42.618,99.67532,1,0,0,18.0981597900391
"Cyprus",2009,1.73029923439025,32.099998474121,5.40000009536743,10,32105.81640625,490.880004882812,52.00389,100.984,1,0,0,18.1660900115967
"Cyprus",2010,0.719031989574432,31.5,6.30000019073486,10,30818.46484375,482.75,48.31158,94.71145,0,1,0,21.8553447723389
"Cyprus",2011,0.800117373466491,32.599998474121,7.90000009536743,10,32233.83984375,475.619995117187,46.53973,92.87139,0,1,0,21.7041797637939
"Cyprus",2012,1.93822014331817,34.2999992370605,11.8999996185302,10,28984.9140625,466.040008544921,45.86359,95.61269,0,0,1,23.0088500976562
"Cyprus",2013,1.04904639720916,37,15.8999996185302,10,27942.31640625,439.630004882812,47.52524,96.5972,0,0,1,21.1573238372803
"Cyprus",2014,0.954605042934417,35.599998474121,16.1000003814697,10,27400.802734375,430.540008544921,53.10435,100.85157,0,0,1,18.9849624633789
"Cyprus",2015,1.29200637340545,34,15,10,23212.224609375,422.380004882812,60.10123,97.61321,0,0,1,20.1096897125244
"Czech Republic",2003,1.59190928936004,21.5,7.80000019073486,9,9773.1171875,456.489990234375,37.00779,91.58381,0,1,0,18.5
"Czech Republic",2004,1.3086529970169,26.1000003814697,8.30000019073486,9,11685.8876953125,461.579986572265,43.73322,91.82657,0,1,0,17.82151222229
"Czech Republic",2005,1.052818775177,27.6000003814697,7.90000009536743,9,13346.1767578125,445.290008544921,48.3479,91.94766,0,1,0,15.1027088165283
"Czech Republic",2006,1.26234579086303,26.7000007629394,7.09999990463256,9,15183.6357421875,445.510009765625,50.13498,99.21432,0,1,0,12.9131231307983
"Czech Republic",2007,1.21661710739135,26,5.30000019073486,9,18373.6484375,426.809997558593,54.18163,94.09143,1,0,0,11.9252948760986
"Czech Republic",2008,1.09365165233612,28.1000003814697,4.40000009536743,9,22698.853515625,411.109985351562,58.07097,94.9935,1,0,0,11.7159299850464
"Czech Republic",2009,0.896361112594604,26.2000007629394,6.69999980926513,9,19741.59765625,417.260009765625,61.07872,94.66034,0,1,0,11.0511140823364
"Czech Republic",2010,0.977574050426483,27,7.30000019073486,9,19808.0703125,392.359985351562,63.94822,86.63584,0,1,0,11.1552515029907
"Czech Republic",2011,0.813722372055053,26.3999996185302,6.69999980926513,9,21717.45703125,370.579986572265,65.56837,88.61241,0,1,0,11.2775135040283
"Czech Republic",2012,0.9918053150177,27.5,7,9,19729.87109375,363.799987792968,65.65736,92.15199,0,1,0,9.64052295684814
"Czech Republic",2013,0.849498927593231,27.5,7,9,19916.01953125,367.5,65.06021,96.74786,0,1,0,13.8660249710083
"Czech Republic",2014,0.764257192611694,25.8999996185302,6.09999990463256,9,19744.55859375,373.570007324218,65.59253,98.01225,0,1,0,11.7107944488525
"Czech Republic",2015,0.829894125461578,25.8999996185302,5.09999990463256,9,17715.6171875,377.190002441406,64.45735,98.901,1,0,0,9.39327144622803
"Denmark",2003,1.20661568641662,25.6000003814697,5.40000009536743,9,40458.76953125,192.309997558593,67.5042799999999,99.851,1,0,0,29.1128807067871
"Denmark",2004,0.795889377593994,24.8999996185302,5.5,9,46511.60546875,194.179992675781,74.395,99.592,1,0,0,28.9089469909668
"Denmark",2005,0.977552831172943,25.2000007629394,4.80000019073486,9,48799.8203125,195.910003662109,80.37451,99.333,1,0,0,25.8351898193359
"Denmark",2006,0.5326669216156,25.8999996185302,3.90000009536743,9,52026.9921875,201.460006713867,79.01963,99.074,1,0,0,27.9247188568115
"Denmark",2007,0.712985515594482,26.2000007629394,3.79999995231628,9,58487.046875,198.100006103515,78.55219,98.815,1,0,0,28.1181011199951
"Denmark",2008,0.982211947441101,25.2000007629394,3.40000009536743,9,64322.06640625,195.440002441406,75.6818399999999,99.21456,1,0,0,34.2799186706543
"Denmark",2009,0.850455999374389,26.7000007629394,6,9,58163.29296875,196.330001831054,74.2832899999999,97.11738,0,1,0,38.3230323791504
"Denmark",2010,0.756096839904785,27.2000007629394,7.5,10,58041.41015625,199.679992675781,73.59622,97.80104,0,1,0,35.7251510620117
"Denmark",2011,0.823948502540588,27.2999992370605,7.59999990463256,10,61753.66015625,194.889999389648,76.7583499999999,99.70815,0,1,0,34.9886016845703
"Denmark",2012,0.837691128253936,27,7.5,10,58507.5,192.77000427246,79.10969,96.37375,0,1,0,28.5191955566406
"Denmark",2013,0.851393342018127,28.5,7,10,61191.19140625,191.100006103515,80.93442,97.56087,0,1,0,29.9682235717773
"Denmark",2014,1.28886139392852,28.3999996185302,6.59999990463256,10,62548.984375,187.58999633789,81.03409,95.83729,0,1,0,29.7516040802002
"Denmark",2015,0.984408557415008,28.2000007629394,6.19999980926513,10,53012.99609375,185.800003051757,82.13379,97.60019,0,1,0,29.0352783203125
"Dominican Republic",2003,21.2093105316162,52,6.13000011444091,9,2413.41015625,290.037414550781,33.32489,69.102,0,1,0,67
"Dominican Republic",2004,24.5962924957275,52,6.32899856567382,9,2492.8681640625,297.614013671875,34.8412,71.02263,0,1,0,67.5
"Dominican Republic",2005,25.9159183502197,49.9000015258789,6.58659982681274,9,3910.01782226562,302.640014648437,36.2088,73.65801,0,1,0,69.3450241088867
"Dominican Republic",2006,22.8782691955566,51.7999992370605,5.6545763015747,9,4067.3330078125,313.260009765625,37.5764,75.863265,0,1,0,72.2222213745117
"Dominican Republic",2007,22.2108745574951,48.599998474121,5.1577615737915,9,4647.310546875,316.38150024414,38.944,78.06852,1,0,0,66.0270004272461
"Dominican Republic",2008,24.8429927825927,47.7999992370605,4.76429986953735,9,5011.0380859375,321.315399169921,40.3116,83.20388,1,0,0,65.2399978637695
"Dominican Republic",2009,24.3146896362304,48.5,5.46659994125366,9,4952.677734375,325.586395263671,41.6792,80.05896,1,0,0,64.4599990844727
"Dominican Republic",2010,24.9949855804443,46.9000015258789,5.21199989318847,15,5453.9267578125,329.197601318359,43.0468,81.64809,1,0,0,65.6558837890625
"Dominican Republic",2011,25.0620937347412,47.4000015258789,6.869234085083,15,5765.49658203125,332.147796630859,44.4144,75.1591,0,1,0,64.3017120361328
"Dominican Republic",2012,22.3339347839355,45.599998474121,6.72212266921997,15,5973.22314453125,333.260009765625,46.72766,74.6917,0,1,0,58.9957466125488
"Dominican Republic",2013,19.2388191223144,47,7.35153436660766,15,6094.73486328125,335.654998779296,47.121785,76.49889,0,1,0,53.6897850036621
"Dominican Republic",2014,17.3940715789794,44.099998474121,6.71892356872558,15,6348.837890625,338.049987792968,47.51591,75.6744,0,1,0,57.8800010681152
"Dominican Republic",2015,16.2878875732421,44.7000007629394,6.6100001335144,15,6534.90869140625,337.342102050781,50.11644,75.78562,0,1,0,62.0800018310547
"Ecuador",2003,14.5753059387207,54.5,5.66231966018676,10,2440.46899414062,258.471099853515,33.3464,57.05264,0,1,0,65.2442779541016
"Ecuador",2004,17.6910610198974,53.599998474121,5.18627214431762,10,2708.55786132812,252.100006103515,34.2158,58.34678,1,0,0,59.7376289367676
"Ecuador",2005,15.4420385360717,53.599998474121,3.77858185768127,10,3021.94262695312,240.080001831054,35.0852,60.57421,1,0,0,64.4307098388672
"Ecuador",2006,17.0753784179687,52.9000015258789,3.54972171783447,10,3350.78662109375,276.559997558593,35.9546,62.32265,1,0,0,62.4599990844727
"Ecuador",2007,16.000898361206,53.9000015258789,3.14229989051818,10,3590.71801757812,251.191497802734,36.824,64.35814,1,0,0,61.3199996948242
"Ecuador",2008,18.0445671081542,50.2000007629394,3.91689991950988,10,4274.9521484375,251.310592651367,38.68386,71.7668,1,0,0,59.7400016784668
"Ecuador",2009,17.867748260498,48.7999992370605,4.08190011978149,10,4255.56591796875,250.83999633789,38.5628,75.3966,1,0,0,57.7200012207031
"Ecuador",2010,17.5631370544433,48.9000015258789,4.02029991149902,10,4657.30224609375,246.580001831054,39.4322,79.70518,1,0,0,55.2600021362305
"Ecuador",2011,15.4440612792968,45.7999992370605,3.95869994163513,15,5223.3515625,252.830001831054,40.3016,85.6437,1,0,0,52.3599967956543
"Ecuador",2012,12.4710874557495,47.2000007629394,3.89709997177124,15,5702.1044921875,262.649993896484,39.86395,83.63004,1,0,0,55.4705429077148
"Ecuador",2013,11.0142374038696,47.2999992370605,3.82611680030822,15,6074.0908203125,258.600006103515,40.481,85.8258,1,0,0,39.6407012939453
"Ecuador",2014,8.24366950988769,45.9000015258789,3.47979998588562,15,6396.63037109375,274.119995117187,43.015065,94.00322,1,0,0,39.598934173584
"Ecuador",2015,6.53478670120239,46,3.6157648563385,15,6150.15576171875,273.861114501953,45.54913,101.53784,1,0,0,36.3983421325684
"El Salvador",2003,56.1999549865722,49.7999992370605,6.26228904724121,9,2217.83715820312,238.606002807617,22.08858,73.01026,0,1,0,20.6900005340576
"El Salvador",2004,64.9416122436523,48.4000015258789,6.51973485946655,9,2287.17309570312,253.917999267578,22.77637,73.484245,0,1,0,25.5800018310547
"El Salvador",2005,64.3892059326171,49.7000007629394,7.21999979019165,9,2437.89965820312,279.640014648437,23.07594,73.95823,0,1,0,28.2475051879883
"El Salvador",2006,64.8396606445312,46.099998474121,6.77370023727416,9,2641.78076171875,280.470001220703,23.32439,71.22297,0,1,0,31.4535236358643
"El Salvador",2007,57.4835929870605,46.7999992370605,6.32740020751953,9,2796.38696289062,287.779998779296,24.41747,70.335,0,1,0,36.8220748901367
"El Salvador",2008,52.0268974304199,46.599998474121,5.8811445236206,9,2943.69897460937,293.640014648437,25.24597,70.67717,0,1,0,35.8938140869141
"El Salvador",2009,71.3997573852539,48.099998474121,7.32999992370605,9,2867.98510742187,323.029998779296,25.73622,72.45758,0,1,0,34.6092948913574
"El Salvador",2010,64.6754531860351,46.7999992370605,4.89319992065429,9,2992.54516601562,341.010009765625,26.24023,78.01165,1,0,0,34.218635559082
"El Salvador",2011,70.5847015380859,42.4000015258789,4.31899976730346,9,3275.50854492187,352.660003662109,27.31202,81.34929,1,0,0,29.0810890197754
"El Salvador",2012,41.6958274841308,41.7999992370605,3.84629988670349,9,3437.599609375,356.410003662109,28.14316,83.07065,1,0,0,27.1958560943604
"El Salvador",2013,40.2030029296875,43.5,3.69261193275451,12,3515.947265625,365.739990234375,28.46999,81.04637,1,0,0,22.3852806091309
"El Salvador",2014,62.4244880676269,43.7999992370605,4.16399765014648,12,3595.79077148437,376.489990234375,27.98066,81.11414,1,0,0,20.4171676635742
"El Salvador",2015,105.441947937011,40.599998474121,3.99991250038146,12,3669.87890625,376.929992675781,28.08398,83.45661,1,0,0,26.8800735473633
"Estonia",2003,10.7071914672851,37.2000007629394,10.3000001907348,9,7174.2373046875,258.799987792968,64.39908,102.191,0,0,1,29.6110153198242
"Estonia",2004,6.67368268966674,33.599998474121,10.1000003814697,9,8850.46484375,258.149993896484,66.18384,100.2816,0,0,1,24.0087623596191
"Estonia",2005,8.33549690246582,33.4000015258789,8,9,10338.3134765625,251.690002441406,67.9128,104.53211,0,1,0,23.2199554443359
"Estonia",2006,6.74425268173217,33.7000007629394,5.90000009536743,9,12595.4111328125,239.960006713867,67.86591,107.08501,0,1,0,24.2459392547607
"Estonia",2007,7.14247465133666,31.2000007629394,4.59999990463256,9,16586.404296875,241.619995117187,67.67806,105.36085,1,0,0,26.5046291351318
"Estonia",2008,6.41929006576538,31.8999996185302,5.5,9,18094.548828125,240.160003662109,66.45415,103.63669,1,0,0,27.0787754058838
"Estonia",2009,5.24018764495849,31.3999996185302,13.5,9,14726.318359375,238.25,66.6514,98.96514,0,0,1,23.5161743164062
"Estonia",2010,5.25485277175903,32,16.7000007629394,9,14638.6044921875,341.720001220703,68.20002,97.6741,0,0,1,21.9274978637695
"Estonia",2011,4.89292383193969,32.5,12.3000001907348,9,17454.84375,337.630004882812,70.36909,97.51713,0,0,1,22.705883026123
"Estonia",2012,4.75495386123657,32.9000015258789,10,9,17421.890625,334.130004882812,72.33171,100.64643,0,0,1,22.9458293914795
"Estonia",2013,3.93474388122558,35.099998474121,8.60000038146972,9,19072.23828125,319.679992675781,73.8143,104.69173,0,0,1,21.979434967041
"Estonia",2014,3.10992670059204,34.599998474121,7.40000009536743,9,19949.58203125,310.670013427734,73.15848,105.08114,0,1,0,23.5003299713135
"Estonia",2015,3.19313693046569,32.7000007629394,6.19999980926513,9,17155.875,298.350006103515,72.0489599999999,107.24651,0,1,0,24.760892868042
"Finland",2003,1.9704988002777,28,9,9,32816.16015625,158.960006713867,86.94398,104.7283,0,0,1,13.1282615661621
"Finland",2004,2.82325029373168,26.7999992370605,8.80000019073486,9,37636.11328125,157.720001220703,89.51694,104.26986,0,0,1,13.3369331359863
"Finland",2005,2.26281905174255,28.1000003814697,8.39999961853027,9,38969.171875,157,91.67925,103.39868,0,1,0,13.3436765670776
"Finland",2006,2.25482559204101,28.1000003814697,7.69999980926513,9,41120.67578125,157.820007324218,93.15745,101.63728,0,1,0,11.3996362686157
"Finland",2007,2.43487453460693,28.2999992370605,6.90000009536743,9,48288.55078125,154.199996948242,93.75849,99.87588,0,1,0,13.8206901550293
"Finland",2008,2.50004601478576,27.8999996185302,6.40000009536743,9,53401.31640625,153.33999633789,94.6909699999999,98.11404,0,1,0,16.2322959899902
"Finland",2009,2.24607801437377,27.8999996185302,8.19999980926513,9,47107.15625,154.440002441406,91.29122,96.3522,0,1,0,15.9933137893677
"Finland",2010,2.21775698661804,27.7000007629394,8.39999961853027,9,46202.4140625,150.940002441406,93.44925,97.75503,0,1,0,16.8846607208252
"Finland",2011,2.0411033630371,27.6000003814697,7.80000019073486,9,50790.72265625,150.509994506835,94.92139,98.72907,0,1,0,17.900857925415
"Finland",2012,1.62572193145751,27.1000003814697,7.69999980926513,9,47415.55859375,147.050003051757,92.88908,97.88605,0,1,0,19.0865097045898
"Finland",2013,1.63704776763916,27.2000007629394,8.19999980926513,9,49638.078125,140.83999633789,91.00518,98.67536,0,1,0,16.8133544921875
"Finland",2014,1.61180520057678,26.7999992370605,8.69999980926513,9,49914.6171875,139.899993896484,88.88373,98.16069,0,0,1,19.9809398651123
"Finland",2015,1.49581372737884,27.1000003814697,9.39999961853027,9,42424.22265625,139.75,87.6806299999999,100.08354,0,0,1,18.5007972717285
"France",2003,1.63005518913269,33.4000015258789,8.5,10,29568.38671875,321.139587402343,52.31698,94.628,0,1,0,42.4899978637695
"France",2004,1.62597334384918,30.6000003814697,8.89999961853027,10,33741.265625,321.406005859375,53.45763,95.293,0,0,1,38.4200019836426
"France",2005,1.59388840198516,29.7999992370605,8.89999961853027,10,34760.1875,320.528198242187,53.88233,89.91944,0,0,1,36.5773391723633
"France",2006,1.42711293697357,29.7000007629394,8.80000019073486,10,36443.625,318.109985351562,53.87542,98.26523,0,0,1,31.6478881835938
"France",2007,1.6026222705841,31.1000003814697,8,10,41508.43359375,315.809997558593,52.94754,97.34453,0,1,0,27.5018005371094
"France",2008,1.63806688785552,33,7.40000009536743,10,45334.109375,311.570007324218,52.47552,99.46754,0,1,0,25.5943603515625
"France",2009,1.30648016929626,31.6000003814697,9.10000038146972,10,41575.41796875,305.200012207031,52.7731,97.7274,0,0,1,25.2468109130859
"France",2010,1.26295602321624,33.7000007629394,9.30000019073486,10,40638.3359375,298.320007324218,54.88172,96.58065,0,0,1,25.9348564147949
"France",2011,1.35136032104492,33.2999992370605,9.19999980926513,10,43790.734375,291.730010986328,55.62573,97.19854,0,0,1,25.1269550323486
"France",2012,1.23193204402923,30.2999992370605,9.80000019073486,10,40874.71484375,291.809997558593,57.90901,98.71588,0,0,1,24.7160968780518
"France",2013,1.21558356285095,32.5,10.3000001907348,10,42592.953125,289.859985351562,59.84876,97.29543,0,0,1,24.7812156677246
"France",2014,1.23382472991943,32.2999992370605,10.3000001907348,10,43008.65234375,333.769989013671,61.7735,97.85161,0,0,1,25.288969039917
"France",2015,1.57779109477996,32.7000007629394,10.3999996185302,10,36613.375,332.470001220703,62.77363,96.14942,0,0,1,27.2323703765869
"Georgia",2003,6.59520816802978,39.2999992370605,11.5122890472412,6,927.989196777343,134.182998657226,42.50997,76.44957,0,0,1,45.7264251708984
"Georgia",2004,6.57353591918945,40.599998474121,12.619999885559,6,1207.38818359375,144.975997924804,41.72252,77.85733,0,0,1,58.7009010314941
"Georgia",2005,8.98240852355957,39.9000015258789,13.8141965866088,9,1530.03637695312,163.949996948242,45.92293,89.7758,0,0,1,55.982063293457
"Georgia",2006,7.27658414840698,39.4000015258789,13.5699996948242,9,1872.68041992187,124.830001831054,37.43413,92.17043,0,0,1,34.9004135131836
"Georgia",2007,7.51616811752319,39.4000015258789,13.2799997329711,9,2492.12866210937,188.509994506835,36.63547,92.52678,0,0,1,24.5406188964844
"Georgia",2008,6.05919027328491,39,16.4699993133544,9,3174.94897460937,197.220001220703,34.18314,85.9508,0,0,1,14.1808242797852
"Georgia",2009,4.89773511886596,42,16.8415260314941,9,2706.58862304687,215.679992675781,25.72258,83.76001,0,0,1,14.4922075271606
"Georgia",2010,4.41906833648681,45.599998474121,16.2999992370605,9,2964.47705078125,220.699996948242,29.19868,91.81053,0,0,1,11.6196584701538
"Georgia",2011,4.45419979095458,41.599998474121,15.6419620513916,9,3725.06323242187,220.526992797851,31.43253,96.609815,0,0,1,6.27436351776123
"Georgia",2012,4.00159978866577,41.4000015258789,15.3999996185302,9,4142.869140625,231.320007324218,29.69364,101.4091,0,0,1,4.45501041412354
"Georgia",2013,3.54900002479553,41.4000015258789,14.5641965866088,9,4274.376953125,242.113006591796,35.64685,105.78698,0,0,1,16.0013198852539
"Georgia",2014,2.70517635345458,40.099998474121,12.3538150787353,9,4429.64990234375,238.5,40.62317,100.12993,0,0,1,14.5295028686523
"Georgia",2015,1.84739673137664,36.4000015258789,11.9638147354125,9,3764.64086914062,263.699005126953,45.61384,104.60872,0,0,1,13.5446681976318
"Greece",2003,1.08506488800048,32.7999992370605,9.69999980926513,9,18477.578125,345.364990234375,70.30627,88.2031,0,0,1,29.4522113800049
"Greece",2004,0.984874129295349,33.2000007629394,10.6000003814697,9,21955.103515625,359.179992675781,76.49533,88.201,0,0,1,28.4453086853027
"Greece",2005,1.16801714897155,33.2999992370605,10,9,22551.736328125,372.58999633789,85.27269,87.56445,0,0,1,31.1521472930908
"Greece",2006,0.970122873783111,34.2999992370605,9,9,24801.158203125,376.049987792968,89.29553,83.92748,0,0,1,29.5564117431641
"Greece",2007,1.14226496219635,32.7000007629394,8.39999961853027,9,28827.326171875,360.869995117187,86.10646,92.37287,0,1,0,26.1485614776611
"Greece",2008,1.26098465919494,32.9000015258789,7.80000019073486,9,31997.28125,355.149993896484,93.59,93.655885,0,1,0,27.4199047088623
"Greece",2009,1.32822692394256,33.599998474121,9.60000038146972,9,29710.970703125,503.890014648437,97.6215,94.2973925,0,0,1,31.1598033905029
"Greece",2010,1.53765439987182,34.099998474121,12.6999998092651,9,26917.759765625,478.609985351562,101.80938,94.9389,0,0,1,32.7961769104004
"Greece",2011,1.61081278324127,34.7999992370605,17.8999996185302,9,25916.29296875,495.08999633789,107.02478,92.1678,0,0,1,34.0892715454102
"Greece",2012,1.45892298221588,36.2000007629394,24.5,9,22242.681640625,491.980010986328,110.31279,92.49358,0,0,1,34.6693382263184
"Greece",2013,1.35143494606018,36.099998474121,27.5,9,21874.8203125,483.399993896484,112.00922,89.74817,0,0,1,22.539981842041
"Greece",2014,0.949867784976959,35.7999992370605,26.5,9,21760.98046875,471.529998779296,117.42593,86.64264,0,0,1,20.9357509613037
"Greece",2015,0.829039573669433,36,24.8999996185302,9,18070.77734375,473.649993896484,120.81,91.468,0,0,1,26.3174152374268
"Guatemala",2003,33.8947029113769,55.7000007629394,2.86799883842468,10,1753.34948730468,145.177703857421,15.1011,39.9182,1,0,0,44.7000007629395
"Guatemala",2004,35.2193984985351,53.2000007629394,2.97799921035766,10,1872.73706054687,166.02000427246,15.4922,40.04303,1,0,0,46.0790023803711
"Guatemala",2005,40.7604522705078,54.7000007629394,2.48876810073852,10,2077.83447265625,157.800003051757,15.8833,41.55613,1,0,0,46.9867820739746
"Guatemala",2006,43.9277191162109,56.2000007629394,1.9995367527008,10,2256.56713867187,159.229995727539,16.2744,45.36432,1,0,0,47.4599990844727
"Guatemala",2007,42.1961975097656,54.7020416259765,2.5,10,2489.95581054687,134.179992675781,16.87801,47.09555,1,0,0,47.9029998779297
"Guatemala",2008,44.9224319458007,54.6430015563964,2.832200050354,10,2794.22192382812,138.050003051757,17.0566,49.17183,1,0,0,48.2649993896484
"Guatemala",2009,45.3891143798828,54.5740013122558,3.164400100708,10,2635.75341796875,156.929992675781,17.4477,51.18574,1,0,0,48.5720024108887
"Guatemala",2010,40.7370491027832,54.5120010375976,3.49659991264343,10,2825.52416992187,168.179992675781,17.8388,55.6324,1,0,0,48.7979927062988
"Guatemala",2011,38.0027465820312,55.599998474121,4.12621974945068,10,3187.84521484375,160.130004882812,18.2299,59.09232,1,0,0,48.7811965942383
"Guatemala",2012,33.7566719055175,54.4547996520996,2.76469993591308,10,3299.60522460937,159.880004882812,18.621,58.74815,1,0,0,48.764404296875
"Guatemala",2013,33.6812515258789,54.4000015258789,3.16499996185302,10,3452.82885742187,174.779998779296,19.01215,56.77007,1,0,0,50.2509765625
"Guatemala",2014,31.3874549865722,52.2000007629394,2.71677756309509,10,3687.763671875,192.570007324218,17.70217,58.43394,1,0,0,49.6450004577637
"Guatemala",2015,29.398681640625,54.2669982910156,2.56275153160095,10,3923.5732421875,200.300003051757,21.28229,61.69872,1,0,0,49.7999992370605
"Iceland",2003,0.895203232765197,26.7999992370605,3.29999995231628,10,39086.7734375,277.059997558593,62.39248,100.65407,1,0,0,7.33944940567017
"Iceland",2004,1.03055953979492,24.1000003814697,3.09999990463256,10,46984.06640625,269.549987792968,68.21238,111.92326,1,0,0,7.82608699798584
"Iceland",2005,1.01702153682708,25.1000003814697,2.59999990463256,10,56250.68359375,269.25,69.88068,106.09929,1,0,0,15.1260509490967
"Iceland",2006,0.836164772510528,26.2999992370605,2.90000009536743,10,56121.32421875,272.859985351562,72.1246,108.17112,1,0,0,15.1260509490967
"Iceland",2007,0.655308008193969,28,2.29999995231628,10,68428.3515625,270.779998779296,71.1183999999999,97.56733,1,0,0,10.4347820281982
"Iceland",2008,0.485838800668716,27.2999992370605,3,10,55632.10546875,264.170013427734,73.74185,96.97014,1,0,0,10
"Iceland",2009,0.316369593143463,29.6000003814697,7.19999980926513,10,40640.98828125,265.320007324218,74.41175,96.37295,0,1,0,16.8918914794922
"Iceland",2010,0.624360024929046,25.7000007629394,7.59999990463256,10,41851.734375,208.460006713867,78.81844,93.531,0,1,0,7.78443145751953
"Iceland",2011,0.927592158317565,23.6000003814697,7.09999990463256,10,46181.953125,200.600006103515,81.47075,92.93816,0,1,0,8
"Iceland",2012,0.307195127010345,24,6,10,44562.81640625,200.990005493164,81.96996,96.76078,0,1,0,16.993465423584
"Iceland",2013,0.305783271789551,24,5.40000009536743,10,48023.625,200.369995117187,80.31036,91.2052,1,0,0,8.55263137817383
"Iceland",2014,0.608904004096984,22.7000007629394,5,10,52855.140625,199.5,81.44465,89.5884,1,0,0,12.1999998092651
"Iceland",2015,0.908421993255615,24.7000007629394,4,10,51213.66015625,196.100006103515,75.76606,87.9716,1,0,0,15.5
"Ireland",2003,0.913682460784912,30.6000003814697,4.80000019073486,10,41107.03125,297.380004882812,55.84617,98.32365,1,0,0,17.1614093780518
"Ireland",2004,0.726612329483032,31.5,4.69999980926513,10,47630.92578125,296.350006103515,58.92191,97.86055,1,0,0,14.3580017089844
"Ireland",2005,1.23428165912628,31.8999996185302,4.59999990463256,10,50878.640625,291.739990234375,58.86932,99.32318,1,0,0,15.8173398971558
"Ireland",2006,1.44073128700256,31.8999996185302,4.80000019073486,10,54306.9140625,301.679992675781,58.44118,98.51205,1,0,0,17.3051948547363
"Ireland",2007,1.77350401878356,31.2999992370605,5,10,61359.64453125,313.420013427734,58.30199,98.52218,1,0,0,18.598217010498
"Ireland",2008,1.11368763446807,29.8999996185302,6.80000019073486,10,61257.8984375,321.660003662109,54.01747,97.7907,0,1,0,17.13547706604
"Ireland",2009,1.22590231895446,28.7999992370605,12.6000003814697,10,52104.03515625,319.109985351562,56.50398,98.67719,0,0,1,14.4519138336182
"Ireland",2010,1.14546847343444,30.7000007629394,14.6000003814697,10,48671.88671875,311.369995117187,63.12644,99.90877,0,0,1,14.6827239990234
"Ireland",2011,0.900789022445678,29.7999992370605,15.3999996185302,10,52186.49609375,298.619995117187,67.79859,100.33778,0,0,1,14.3738136291504
"Ireland",2012,1.13293445110321,30.5,15.5,10,49042.33984375,287.579986572265,68.19725,100.593855,0,0,1,11.6165151596069
"Ireland",2013,1.11064434051513,30.7000007629394,13.8000001907348,10,51773.11328125,280.290008544921,71.69955,100.7218925,0,0,1,15.0195684432983
"Ireland",2014,1.10960626602172,31.1000003814697,11.8999996185302,10,55412.9296875,273.769989013671,73.81323,100.84993,0,0,1,11.6229810714722
"Ireland",2015,0.617007255554199,29.7999992370605,10,10,61807.671875,256.116485595703,77.23215,98.85194,0,0,1,15.8189086914062
"Israel",2003,3.07109880447387,39.1931991577148,13.5511445999145,11,18964.224609375,347.040008544921,56.78111,99.62959,0,0,1,22.3912334442139
"Israel",2004,2.67436432838439,39.5410003662109,13.2928228378295,11,19892.05859375,335.299987792968,56.50945,103.9591,0,0,1,25.2785987854004
"Israel",2005,2.51402020454406,41.7000007629394,11.3427629470825,11,20557.125,373.619995117187,58.10115,100.65087,0,0,1,19.8318290710449
"Israel",2006,2.69421625137329,36,1.7699978351593,11,21827.822265625,411.940002441406,57.69248,97.18152,1,0,0,27.5646305084229
"Israel",2007,1.80565774440765,41.099998474121,9.378999710083,11,24889.16796875,412.179992675781,60.54046,100.00183,0,0,1,36.4845771789551
"Israel",2008,1.91619193553924,41.2000007629394,7.73999977111816,11,29531.572265625,384.869995117187,59.75788,95.94924,0,1,0,35.8456954956055
"Israel",2009,1.76117014884948,42,9.53439712524414,13,27709.1171875,384.100006103515,62.4523,94.35067,0,0,1,28.7445011138916
"Israel",2010,1.95260977745056,42.7999992370605,8.47999954223632,13,30642.94140625,373.540008544921,64.14907,98.18233,0,1,0,21.6433067321777
"Israel",2011,1.99503910541534,42.1499977111816,7.13899993896484,13,33689.83984375,358.679992675781,65.84584,96.04663,0,1,0,23.0769233703613
"Israel",2012,1.74046206474304,41.5,6.85699987411499,13,32525.95703125,388.63198852539,67.80564,98.08679,0,1,0,25.2230052947998
"Israel",2013,1.6131796836853,43.01900100708,6.281831741333,13,36291.23046875,391.218200683593,66.28901,100.99759,0,1,0,28.6781311035156
"Israel",2014,1.48589742183685,43.3670005798339,5.88999986648559,13,37539.953125,393.804412841796,66.1885999999999,99.86703,0,1,0,25.2345886230469
"Israel",2015,1.36399483680725,43.714599609375,5.25999927520751,13,35690.96484375,393.390594482421,64.74824,105.57683,1,0,0,23
"Italy",2003,1.23652040958404,34.9000015258789,8.8656997680664,12,27387.2265625,557.710021972656,58.04048,100.9892,0,0,1,37.8466339111328
"Italy",2004,1.22062337398529,35.099998474121,7.86561918258666,12,31174.560546875,558.080017089843,61.7005,102.44083,0,1,0,36.3847236633301
"Italy",2005,1.03726530075073,34.099998474121,7.73522138595581,12,31959.263671875,560.900024414062,63.96362,102.34825,0,1,0,37.0901260375977
"Italy",2006,1.05788993835449,33.7000007629394,6.7765998840332,12,33410.74609375,550.489990234375,65.6466499999999,103.47042,0,1,0,55.649097442627
"Italy",2007,1.06383860111236,33.599998474121,6.75399875640869,12,37698.78515625,381.33999633789,66.46245,100.57304,0,1,0,56.7197189331055
"Italy",2008,1.03357195854187,32.7000007629394,6.72319984436035,12,40640.18359375,379.429992675781,66.29752,98.1584,0,1,0,50.7607460021973
"Italy",2009,0.989238202571868,33.7999992370605,7.74866151809692,12,36976.84375,493.700012207031,66.65395,98.36655,0,1,0,45.8504829406738
"Italy",2010,0.885654985904693,35.2000007629394,8.36251926422119,12,35849.375,463.609985351562,66.05718,99.61812,0,1,0,21.8457183837891
"Italy",2011,0.923695862293243,35.099998474121,8.35925960540771,12,38334.68359375,466.600006103515,66.06877,102.80384,0,1,0,21.5426273345947
"Italy",2012,0.887269377708435,35.2000007629394,1.6545763015747,12,34814.125,463.279998779296,65.06171,102.19651,1,0,0,20.1856880187988
"Italy",2013,0.841322004795074,34.9000015258789,12.148699760437,12,35370.2734375,462.619995117187,63.61694,102.90008,0,0,1,18.8886108398438
"Italy",2014,0.797171533107757,34.7000007629394,12.6828289031982,12,35396.6640625,459.864990234375,63.38033,103.86942,0,0,1,18.8820896148682
"Italy",2015,0.788179516792297,35.4000015258789,11.8959999084472,12,30180.322265625,457.109985351562,62.87291,100.56422,0,0,1,17.5491485595703
"Kazakhstan",2003,13.0708866119384,29.5,7.11870002746582,9,2068.1240234375,375.859985351562,57.9629,93.55611,0,1,0,15.1099996566772
"Kazakhstan",2004,13.5903511047363,32.2999992370605,6.94439983367919,9,2874.28833007812,409.549987792968,56.9728,95.03158,0,1,0,15.5200004577637
"Kazakhstan",2005,12.7217998504638,27.2999992370605,6.77010011672973,9,3771.27905273437,439.450012207031,55.9827,93.92603,0,1,0,15.5680704116821
"Kazakhstan",2006,12.2052001953125,30.7999992370605,6.59579992294311,9,5291.57568359375,434.429992675781,57.61703,94.57635,0,1,0,16.114387512207
"Kazakhstan",2007,11.6169996261596,30.8999996185302,6.42150020599365,9,6771.4150390625,439.529998779296,54.0025,94.22322,0,1,0,16.392599105835
"Kazakhstan",2008,11.2929201126098,26.7000007629394,6.24720001220703,9,8513.564453125,259.269989013671,53.0124,94.31359,0,1,0,16.6708087921143
"Kazakhstan",2009,10.9427967071533,29,6.5519733428955,9,7165.22314453125,256.450012207031,52.0223,99.98136,0,1,0,16.4333095550537
"Kazakhstan",2010,8.45784473419189,26.7000007629394,5.76696252822875,9,9070.48828125,236.990005493164,45.74033,100.50069,0,1,0,15.4207468032837
"Kazakhstan",2011,8.52987098693847,27.3999996185302,5.39126539230346,9,11634.001953125,238.660003662109,48.14695,97.27537,1,0,0,15.4592008590698
"Kazakhstan",2012,7.48174810409545,28.1000003814697,5.28599977493286,9,12386.7001953125,239.279998779296,50.98098,96.22445,1,0,0,15.447226524353
"Kazakhstan",2013,6.50888156890869,26.2999992370605,5.1894998550415,9,13890.6318359375,235.309997558593,49.81132,102.22536,1,0,0,15.7709512710571
"Kazakhstan",2014,5.16932439804077,27,5.58318328857421,9,12807.2607421875,240.52000427246,48.20446,105.07865,0,1,0,15.2730207443237
"Kazakhstan",2015,4.80572891235351,26.8999996185302,4.97198915481567,9,10510.771484375,246.660003662109,45.83258,108.45083,1,0,0,13.8315048217773
"Lithuania",2003,10.0751180648803,35.2999992370605,12.3999996185302,9,5505.53564453125,349.670013427734,69.63042,96.52515,0,0,1,16.891975402832
"Lithuania",2004,10.1445732116699,35.099998474121,10.8999996185302,9,6706.966796875,341.329986572265,74.90138,98.1354,0,0,1,15.8030767440796
"Lithuania",2005,11.1235637664794,36.9000015258789,8.30000019073486,9,7863.162109375,335.480010986328,79.72981,98.6341,0,1,0,13.8503131866455
"Lithuania",2006,8.71757507324218,35.2000007629394,5.80000019073486,9,9240.642578125,341.880004882812,82.45318,99.1328,0,1,0,12.3406362533569
"Lithuania",2007,8.49669551849365,34.2000007629394,4.30000019073486,9,12297.9150390625,342.279998779296,82.5158299999999,99.6315,1,0,0,12.1408596038818
"Lithuania",2008,9.27012729644775,33.599998474121,5.80000019073486,9,14961.568359375,342.190002441406,85.74509,100.1302,0,1,0,12.2249994277954
"Lithuania",2009,7.95260763168334,37.2000007629394,13.8000001907348,9,11837.390625,345.380004882812,89.25217,100.6289,0,0,1,13.9572496414185
"Lithuania",2010,7.01068544387817,33.7999992370605,17.7999992370605,9,11984.8681640625,343.850006103515,86.57257,101.1276,0,0,1,13.0867700576782
"Lithuania",2011,6.85091400146484,33.599998474121,15.3999996185302,9,14357.7353515625,323.260009765625,84.05559,103.04326,0,0,1,13.5786294937134
"Lithuania",2012,6.65076208114624,35.2000007629394,13.3999996185302,9,14341.181640625,315.929992675781,79.75163,102.89739,0,0,1,12.1184091567993
"Lithuania",2013,6.6058702468872,35.2999992370605,11.8000001907348,9,15693.787109375,317.700012207031,73.5331999999999,106.44391,0,0,1,12.0721302032471
"Lithuania",2014,5.36827373504638,37.7000007629394,10.6999998092651,9,16545.123046875,325.149993896484,70.40061,100.82068,0,0,1,10.0509490966797
"Lithuania",2015,5.86645078659057,37.4000015258789,9.10000038146972,9,14289.1201171875,309.720001220703,69.74054,101.01957,0,0,1,9.6804895401001
"Luxembourg",2003,0.670657813549041,30.2000007629394,3.79999995231628,6,65445.88671875,302.928802490234,12.18662,97.200117,1,0,0,42.9199981689453
"Luxembourg",2004,0.442655146121979,31,5,6,75716.3515625,308.432403564453,11.943,97.50034,1,0,0,43.1300010681152
"Luxembourg",2005,0.87366384267807,30.2000007629394,4.59999990463256,6,80289.6953125,313.170806884765,11.015,97.80051,1,0,0,40.4040412902832
"Luxembourg",2006,1.50358498096466,30.7999992370605,4.59999990463256,6,89739.7109375,318.769989013671,10.3312,97.55313,1,0,0,47.8911590576172
"Luxembourg",2007,1.47454726696014,31.2000007629394,4.19999980926513,6,106018.4921875,319.989990234375,10.471515,96.21622,1,0,0,44.3994598388672
"Luxembourg",2008,1.64912748336791,29.2999992370605,4.90000009536743,6,114293.84375,320.570007324218,10.61183,95.01025,1,0,0,43.9632530212402
"Luxembourg",2009,1.00749778747558,31.2000007629394,5.09999990463256,12,103198.671875,323.019989013671,14.44349,98.532805,1,0,0,43.8746452331543
"Luxembourg",2010,1.96893417835235,30.5,4.59999990463256,12,104965.3046875,325.859985351562,18.27515,102.05536,1,0,0,46.6960334777832
"Luxembourg",2011,0.769318044185638,32.4000015258789,4.80000019073486,12,115761.5078125,327.700012207031,18.84128,103.42187,1,0,0,41.4442672729492
"Luxembourg",2012,0.476449131965637,34.7999992370605,5.09999990463256,12,106749.015625,326.019989013671,19.40741,109.50426,1,0,0,42.942943572998
"Luxembourg",2013,0.183580219745636,32.4000015258789,5.90000009536743,12,113625.1328125,323.369995117187,19.501,98.74768,0,1,0,40.7012176513672
"Luxembourg",2014,0.719015836715698,31.2000007629394,6,12,119225.3828125,320.350006103515,19.618,96.61043,0,1,0,48.5623016357422
"Luxembourg",2015,1.63440001010894,33.7999992370605,6.5,12,101446.7890625,318.468811035156,19.70736,96.86347,0,1,0,45.4413871765137
"Malta",2003,2.61640000343322,29.3939990997314,7.59999990463256,11,13689.990234375,469.619995117187,30.45862,94.1454,0,1,0,28.7769794464111
"Malta",2004,1.72836518287658,29.3199996948242,7.19999980926513,11,15109.0546875,449.609985351562,26.84891,96.74084,0,1,0,29.1946315765381
"Malta",2005,0.983315587043762,29.2700004577636,6.90000009536743,11,15835.3466796875,450.519989013671,32.28355,97.88732,0,1,0,25.5102043151855
"Malta",2006,0.979077517986297,28,6.80000019073486,11,16671.56640625,438.869995117187,30.54224,100.24823,0,1,0,23.4666652679443
"Malta",2007,0.974839389324188,29.2000007629394,6.5,11,19375.5703125,479.559997558593,33.41621,99.3017,0,1,0,25.7061424255371
"Malta",2008,1.4558583498001,29,6,11,21928.701171875,463.58999633789,32.15753,97.84985,0,1,0,27.9456195831299
"Malta",2009,0.966078579425811,30.2000007629394,6.90000009536743,11,20675.58203125,451.070007324218,35.17738,94.8006,0,1,0,36.0323867797852
"Malta",2010,0.961284279823303,29,6.90000009536743,11,21087.794921875,465.459991455078,37.05223,100.65022,0,1,0,39.8972587585449
"Malta",2011,0.717073738574981,29.1000003814697,6.40000009536743,11,22840.201171875,464.410003662109,39.77776,101.65615,0,1,0,34.7602767944336
"Malta",2012,2.85178565979003,29.3999996185302,6.19999980926513,11,21926.060546875,457.660003662109,42.60675,102.83885,0,1,0,29.0598297119141
"Malta",2013,1.65388453006744,28.7999992370605,6.09999990463256,11,23816.666015625,465.989990234375,44.20927,97.37943,0,1,0,31.8699188232422
"Malta",2014,1.40987384319305,29,5.69999980926513,11,25851.66015625,515.890014648437,44.6862,100.75102,0,1,0,23.7521514892578
"Malta",2015,0.935418665409088,29.3999996185302,5.40000009536743,11,23759.029296875,516.400024414062,47.42187,94.91286,1,0,0,22.123893737793
"Mauritius",2003,3.22582244873046,35.6500015258789,9.09169960021972,6,4623.34765625,875.799987792968,16.55584,78.05082,0,0,1,38.1573867797852
"Mauritius",2004,2.87905430793762,35.6800003051757,8.3374433517456,11,5229.876953125,858.669982910156,17.82486,76.99212,0,1,0,34.9922256469727
"Mauritius",2005,3.02781581878662,35.6800003051757,9.52379989624023,11,5116.04541015625,923.890014648437,21.35362,80.51871,0,0,1,34.5504531860352
"Mauritius",2006,4.07133626937866,35.7000007629394,9.4223346710205,11,5695.96923828125,842.950012207031,23.59894,77.90477,0,0,1,22.6094722747803
"Mauritius",2007,3.64694046974182,35.7200012207031,8.47529983520507,11,6574.654296875,876.969970703125,24.63642,78.34938,0,1,0,28.8732376098633
"Mauritius",2008,3.87317609786987,35.7299995422363,7.86620759963989,11,8030.06298828125,952.739990234375,27.31788,83.89786,0,1,0,30.0454559326172
"Mauritius",2009,3.05460333824157,35.75,7.2571153640747,11,7318.12646484375,895.130004882812,32.16448,84.05705,0,1,0,32.0050315856934
"Mauritius",2010,2.64432621002197,35.7599983215332,7.65391445159912,11,8000.37646484375,884.489990234375,33.69148,81.94318,0,1,0,35.1980400085449
"Mauritius",2011,2.71777582168579,35.7999992370605,7.56313371658325,11,9197.02734375,854.609985351562,35.39455,84.68098,0,1,0,36.5853652954102
"Mauritius",2012,2.31376028060913,35.7999992370605,7.47235250473022,11,9291.2275390625,843.840026855468,38.90449,82.34026,0,1,0,35.6884078979492
"Mauritius",2013,2.78820037841796,35.8199996948242,7.32229995727539,11,9637.0029296875,832.531921386718,40.04368,84.59484,0,1,0,39.5043182373047
"Mauritius",2014,1.51127207279205,35.8400001525878,7.4672999382019,11,10153.9384765625,823.088989257812,39.12594,85.88205,0,1,0,38.8000030517578
"Mauritius",2015,1.66738653182983,35.849998474121,7.4959979057312,11,9260.447265625,814.995910644531,37.41528,84.16783,0,1,0,38.7900009155273
"Mexico",2003,9.54842567443847,50.849998474121,2.96399998664855,11,6903.94921875,432.161804199218,21.97108,75.85101,1,0,0,43.1742515563965
"Mexico",2004,8.71905136108398,50.599998474121,3.66113352775573,11,7310.96142578125,422.20361328125,22.84649,77.81891,1,0,0,41.0327758789062
"Mexico",2005,9.14612007141113,50.9000015258789,3.55789995193481,11,8089.4091796875,412.245391845703,23.41172,79.81354,1,0,0,42.1775360107422
"Mexico",2006,9.49384498596191,49.599998474121,3.56599998474121,11,8859.7158203125,402.287200927734,23.86968,79.77151,1,0,0,42.4976806640625
"Mexico",2007,7.92854928970336,49.599998474121,3.6275999546051,11,9412.828125,392.329010009765,24.34877,80.82433,1,0,0,41.0542106628418
"Mexico",2008,12.3225212097167,49.599998474121,3.87499976158142,11,9765.716796875,382.370788574218,24.90479,81.12129,1,0,0,36.2735137939453
"Mexico",2009,17.1446781158447,48.349998474121,5.35641288757324,11,7792.248046875,362.380004882812,25.3229,82.72392,1,0,0,31.4928150177002
"Mexico",2010,21.9546813964843,47.099998474121,5.33299922943115,11,9016.4580078125,354.670013427734,26.29703,82.20329,1,0,0,34.1944427490234
"Mexico",2011,22.8507823944091,48.75,5.1697998046875,11,9912.58203125,358.269989013671,27.19712,81.47776,1,0,0,34.9390411376953
"Mexico",2012,21.4908256530761,50.4000015258789,4.88783931732177,14,9940.46875,351.440002441406,28.51312,80.37827,1,0,0,37.4733428955078
"Mexico",2013,18.8214130401611,50.4500007629394,4.91389989852905,14,10400.5634765625,367,29.4616,81.20928,1,0,0,35.5327796936035
"Mexico",2014,16.1083087921142,50.5,4.8948163986206,14,10580.97265625,303.019989013671,30.22978,81.73645,1,0,0,48.6275367736816
"Mexico",2015,16.492052078247,46.9500007629394,4.31269979476928,14,9290.7607421875,300.959991455078,30.79432,87.92116,1,0,0,44.7468605041504
"Morocco",2003,1.70888984203338,40.4599990844726,12.4733390808105,9,1721.97387695312,146.570007324218,10.86568,39.94035,0,0,1,64.8300018310547
"Morocco",2004,1.55735957622528,40.53999710083,11.2321996688842,9,1948.81225585937,146.789993286132,11.03434,41.54659,0,0,1,58.6599998474121
"Morocco",2005,1.53664338588714,40.6199989318847,11.2138147354125,9,2013.75561523437,135.550003051757,11.75572,44.1448,0,0,1,55.7713088989258
"Morocco",2006,1.61325085163116,40.7000007629394,9.36989974975585,9,2191.478515625,142.889999389648,12.36709,46.74301,0,0,1,51.574821472168
"Morocco",2007,1.65567791461944,40.7000007629394,9.53369998931884,9,2494.353515625,147.690002441406,11.90923,51.06198,0,0,1,47.3783378601074
"Morocco",2008,1.34823548793792,40.5,9.36229991912841,9,2884.94775390625,154.360000610351,13.063,53.9778,0,0,1,48.925895690918
"Morocco",2009,1.35042631626129,40.3800010681152,8.95813179016113,9,2861.55395507812,164.27000427246,13.58643,59.2318,0,0,1,51.0049896240234
"Morocco",2010,1.39156126976013,40.2200012207031,9.874436378479,9,2834.20483398437,165,14.47127,59.89489,0,0,1,46.9642562866211
"Morocco",2011,1.34210526943206,40.0293998718261,8.84689998626708,9,3039.916015625,168,16.27593,61.47907,0,0,1,46.5638389587402
"Morocco",2012,1.14898431301116,39.7960014343261,9.42499542236328,9,2904.74682617187,169.699996948242,19.34737,63.29042,0,0,1,46.1634254455566
"Morocco",2013,1.2683013677597,39.5,9.21129989624023,9,3111.76293945312,171.800003051757,22.54755,65.82806,0,0,1,43.1192283630371
"Morocco",2014,1.03444004058837,39.5261993408203,9.69989967346191,9,3160.25073242187,173.570907592773,25.25794,68.44986,0,0,1,42.4627380371094
"Morocco",2015,1.23838758468627,39.2184982299804,9.45533275604248,9,2864.09301757812,175.154800415039,28.35262,70.56252,0,0,1,41.0108184814453
"Norway",2003,1.11594784259796,27.6000003814697,4.19999980926513,10,50111.65625,176.759994506835,79.0671799999999,97.29209,1,0,0,22.0056705474854
"Norway",2004,0.782912671566009,30,4.30000019073486,10,57570.26953125,178,79.22767,100.77381,1,0,0,18.5236282348633
"Norway",2005,0.712379276752471,31.5,4.5,10,66775.390625,161.820007324218,78.5233499999999,102.11942,1,0,0,16.8769721984863
"Norway",2006,0.70617389678955,30.6000003814697,3.40000009536743,10,74114.6953125,160.869995117187,77.67086,102.94713,1,0,0,15.6480655670166
"Norway",2007,0.635640621185302,26.2999992370605,2.5,10,85170.859375,158.25,75.48917,102.18042,1,0,0,16.686014175415
"Norway",2008,0.712577760219573,26.2999992370605,2.70000004768371,10,97007.9453125,157.279998779296,72.59173,100.19537,1,0,0,17.1987342834473
"Norway",2009,0.60076481103897,26.2000007629394,3.29999995231628,10,80067.1796875,158.309997558593,73.17815,97.6175,1,0,0,17.2754497528076
"Norway",2010,0.593547344207763,26.2999992370605,3.70000004768371,10,87770.265625,157.100006103515,73.4929,97.76639,1,0,0,21.7452297210693
"Norway",2011,2.2435142993927,25.2999992370605,3.40000009536743,10,100711.2265625,157.029998779296,73.66792,99.09301,1,0,0,22.8660106658936
"Norway",2012,0.538706362247467,25.7000007629394,3.29999995231628,10,101668.171875,158.240005493164,73.57793,100.49885,1,0,0,22.4580459594727
"Norway",2013,0.906028866767883,26.6000003814697,3.79999995231628,10,103059.25,162.25,76.50805,99.9846,1,0,0,24.8384590148926
"Norway",2014,0.564168214797973,26.7999992370605,3.59999990463256,10,97199.921875,167.110000610351,77.54669,97.13366,1,0,0,24.7379951477051
"Norway",2015,0.461553007364273,27.5,4.5,10,74498.140625,173.852401733398,77.95804,99.65033,1,0,0,24.7379951477051
"Panama",2003,10.5011444091796,56.099998474121,8.06050014495849,11,4267.1357421875,275.042907714843,44.26101,47.5066,0,1,0,56.3199996948242
"Panama",2004,9.4202823638916,54.9000015258789,7.58290004730224,11,4591.892578125,288.393798828125,43.33104,45.46689,0,1,0,57.311695098877
"Panama",2005,10.9294052124023,53.7999992370605,7.10529994964599,11,4916.548828125,302.392913818359,42.09765,47.47216,0,1,0,59.2888603210449
"Panama",2006,6.51551246643066,54.9000015258789,6.62769985198974,11,5348.5185546875,331,43.12208,65.75105,0,1,0,58.6840553283691
"Panama",2007,8.07804298400878,52.2000007629394,6.7829885482788,11,6165.94482421875,361.420013427734,43.26062,65.90984,0,1,0,58.3920402526855
"Panama",2008,14.0205469131469,53.4000015258789,6.67149400711059,11,7154.14404296875,320.179992675781,43.3899,65.92604,0,1,0,70.9132461547852
"Panama",2009,15.701021194458,52,6.55999994277954,11,7575.78076171875,377.959991455078,43.3265,68.00553,0,1,0,83.434455871582
"Panama",2010,12.6261863708496,51.5,3.71359133720397,11,8080.83837890625,335.010009765625,44.25597,69.93519,1,0,0,63.5385093688965
"Panama",2011,14.8066959381103,51.7999992370605,2.31119990348815,11,9354.9794921875,341.08999633789,42.16676,70.35444,1,0,0,68.7287063598633
"Panama",2012,16.883394241333,53.099998474121,2.39599967002868,11,10715.716796875,521.130004882812,43.9151,74.16361,1,0,0,66.494026184082
"Panama",2013,17.2725429534912,50.7000007629394,2.34999155998229,11,11879.7568359375,445.440002441406,44.21695,73.9623,1,0,0,59.8400001525879
"Panama",2014,14.5492324829101,51.7000007629394,2.72281646728515,11,12787.306640625,463.277862548828,44.5188,75.1303,1,0,0,57.8899993896484
"Panama",2015,11.2615766525268,50.7999992370605,3.18627214431762,11,13684.130859375,485.765991210937,47.27063,76.205,1,0,0,56.4089584350586
"Paraguay",2003,22.9138984680175,56.7000007629394,6.81389999389648,9,1174.779296875,324.052703857421,25.02943,69.77507,0,1,0,78.0100021362305
"Paraguay",2004,21.1966190338134,53.7999992370605,6.51319980621337,9,1408.52795410156,317.475402832031,25.2681,70.52679,0,1,0,75.0199966430664
"Paraguay",2005,15.3049936294555,52.9000015258789,4.82469987869262,9,1507.14575195312,310.89810180664,25.89111,87.53916,1,0,0,72.4088516235352
"Paraguay",2006,12.6130504608154,54.5,5.27652263641357,9,1809.71057128906,304.32080078125,27.471,84.49,1,0,0,73.6430206298828
"Paraguay",2007,13.1240215301513,54.2000007629394,4.71332263946533,9,2312.19287109375,280.100006103515,29.05089,81.44084,1,0,0,67.2558746337891
"Paraguay",2008,13.7751588821411,52.099998474121,4.41522312164306,9,3059.9921875,301.100006103515,34.48959,80.23427,1,0,0,67.7712936401367
"Paraguay",2009,13.3978757858276,50.7000007629394,5.461998462677,9,2599.59619140625,306.880004882812,37.14408,69.45984,1,0,0,67.3201599121094
"Paraguay",2010,11.9326038360595,53.099998474121,5.69999980926513,9,3225.591796875,265.299987792968,35.08085,70.56302,0,1,0,64.7087249755859
"Paraguay",2011,10.4388723373413,54.599998474121,5.5,13,3988.01196289062,274.029998779296,38.3446,72.22298,1,0,0,71.4285736083984
"Paraguay",2012,10.1736593246459,48.2000007629394,4.59999990463256,13,3855.53784179687,264.959991455078,40.215,73.91001,1,0,0,69.3678283691406
"Paraguay",2013,9.34154510498046,51.2000007629394,5,13,4479.90576171875,253.059997558593,42.0854,75.9448,1,0,0,72.2950286865234
"Paraguay",2014,8.82094764709472,53.599998474121,6,13,4712.82275390625,253,43.9558,75.9377,0,1,0,78.0584487915039
"Paraguay",2015,9.29340171813964,47.599998474121,5.40000009536743,13,4109.36767578125,244.509994506835,45.826,75.9312,1,0,0,76.9696044921875
"Philippines",2003,7.75123262405395,44.5,3.52729988098144,7,1010.55322265625,143.154800415039,29.06303,72.11765,1,0,0,65.2300033569336
"Philippines",2004,7.49186706542968,44.3600006103515,3.55349993705749,7,1079.03723144531,139.600006103515,28.35254,81.6214,1,0,0,63.5082168579102
"Philippines",2005,7.45761442184448,44.2299995422363,3.79521942138671,7,1194.69714355468,131.83999633789,27.51209,78.68185,1,0,0,63.5063056945801
"Philippines",2006,7.06074619293212,44.099998474121,4.52299976348876,7,1391.77233886718,132.889999389648,27.83903,75.49965,1,0,0,63.5043869018555
"Philippines",2007,6.67685842514038,42.4650001525878,3.43424844741821,7,1672.68542480468,130.179992675781,28.524065,68.07433,1,0,0,61.9661750793457
"Philippines",2008,6.41309118270874,40.8300018310546,3.719899892807,7,1919.46618652343,131.660003662109,29.2091,80.56718,1,0,0,60.4279632568359
"Philippines",2009,9.85460090637207,39.2000007629394,3.85899949073791,7,1825.34155273437,136.130004882812,28.54713,77.56379,1,0,0,59.8182373046875
"Philippines",2010,9.49250030517578,41,3.65999174118041,7,2129.49926757812,144.380004882812,29.61285,79.107,1,0,0,59.2085113525391
"Philippines",2011,9.10389137268066,42,3.59224820137023,7,2352.51806640625,151.470001220703,30.82373,79.413,1,0,0,60.9513893127441
"Philippines",2012,8.75843334197998,43,3.54199981689453,7,2581.81860351562,153.300003051757,31.22663,79.6863,1,0,0,62.1638832092285
"Philippines",2013,9.29417514801025,41.4328002929687,3.49729990959167,13,2760.2890625,147.610000610351,33.53661,79.9336,1,0,0,63.0734901428223
"Philippines",2014,9.74603462219238,41.2695007324218,3.59997248649597,13,2842.93823242187,150.630004882812,35.64196,81.28176,1,0,0,64.071907043457
"Philippines",2015,9.48028469085693,41.106201171875,3.18898582458496,13,2878.33837890625,162.199798583984,36.391,83.22199,1,0,0,68.3286514282227
"Poland",2003,1.722216963768,34.9000015258789,19.7999992370605,9,5693.3779296875,259.859985351562,59.48876,94.28869,0,0,1,23.0067729949951
"Poland",2004,1.64860641956329,35.7999992370605,19.1000003814697,9,6681.1787109375,262.049987792968,61.0612,96.46864,0,0,1,18.7325801849365
"Poland",2005,1.4467190504074,37.9000015258789,17.8999996185302,9,8021.00341796875,261.690002441406,63.60012,96.5112,0,0,1,16.2509574890137
"Poland",2006,1.27800405025482,35.7999992370605,13.8999996185302,9,9038.73046875,257.5,65.3752499999999,95.2596,0,0,1,16.3859100341797
"Poland",2007,1.36969912052154,34.2999992370605,9.60000038146972,9,11255.4365234375,255.419998168945,67.23524,95.069,0,0,1,13.2774858474731
"Poland",2008,1.20023930072784,32.9000015258789,7.09999990463256,9,14001.447265625,261.230010986328,70.26866,94.8784,0,1,0,11.0558023452759
"Poland",2009,1.28637099266052,34.099998474121,8.10000038146972,9,11527.5927734375,256.679992675781,72.36704,94.6878,0,1,0,11.6339550018311
"Poland",2010,1.13768601417541,34.2000007629394,9.69999980926513,9,12599.533203125,252.850006103515,74.80387,94.4972,0,0,1,10.6965961456299
"Poland",2011,1.17168295383453,33,9.69999980926513,9,13893.5087890625,252.559997558593,74.67247,94.3066,0,0,1,10.2701854705811
"Poland",2012,0.983887135982513,33.099998474121,10.1000003814697,9,13145.5390625,249.479995727539,73.98845,94.116,0,0,1,8.60529613494873
"Poland",2013,0.772655308246612,34.7000007629394,10.3000001907348,9,13781.0625,253.149993896484,71.82938,93.47999,0,0,1,8.55485534667969
"Poland",2014,0.736425876617431,30.7999992370605,9,9,14342.40234375,255.899993896484,68.31303,93.43179,0,0,1,8.19061279296875
"Poland",2015,0.750028252601623,30.6000003814697,7.5,9,12566.4833984375,256.119995117187,66.67103,93.94809,0,1,0,6.05389308929443
"Romania",2003,2.53579115867614,31.5,7.69999980926513,10,2774.95581054687,210.330001831054,37.56524,87.87049,0,1,0,15.6650705337524
"Romania",2004,2.38986659049987,37.5,8,10,3552.92456054687,212.110000610351,41.35283,89.4163,0,1,0,15.4338855743408
"Romania",2005,2.11375856399536,29.7000007629394,7.09999990463256,10,4676.31494140625,218.960006713867,45.40873,87.83678,0,1,0,14.6675748825073
"Romania",2006,2.06176614761352,32.099998474121,7.19999980926513,10,5828.74560546875,237.029998779296,51.59534,83.97267,0,1,0,12.5800580978394
"Romania",2007,1.97755181789398,32.099998474121,6.40000009536743,10,8424.7373046875,240.479995727539,57.85996,89.22534,0,1,0,10.0272197723389
"Romania",2008,2.25732731819152,37.2999992370605,5.59999990463256,10,10400.5439453125,242.699996948242,66.10287,91.40113,0,1,0,11.8724250793457
"Romania",2009,1.925506234169,30,6.5,10,8474.8720703125,249.029998779296,69.59979,92.16656,0,1,0,16.499475479126
"Romania",2010,1.97648310661315,29.7000007629394,7,10,8231.3125,256.890014648437,65.31626,89.97782,0,1,0,16.3928623199463
"Romania",2011,1.65081822872161,35.9000015258789,7.19999980926513,10,9150.8681640625,246.830001831054,59.53221,104.72042,0,1,0,10.7936401367188
"Romania",2012,1.8739538192749,34.9000015258789,6.80000019073486,10,8558.3974609375,266.390014648437,50.73437,85.68711,0,1,0,9.99151420593262
"Romania",2013,1.67429053783416,36.9000015258789,7.09999990463256,10,9585.2666015625,270.920013427734,47.55017,85.90832,0,1,0,5.51833486557007
"Romania",2014,1.49203395843505,36,6.80000019073486,10,10020.27734375,269.230010986328,47.53486,88.1874,0,1,0,5.30905961990356
"Romania",2015,1.46403157711029,35.9000015258789,6.80000019073486,10,8978.3896484375,268.059997558593,46.8225,88.6275,0,1,0,5.24105310440063
"Russian Federation",2003,28.8854923248291,40,9.91020011901855,8,2975.1328125,688.278015136718,70.6975999999999,89.48428,0,0,1,20.2600002288818
"Russian Federation",2004,27.2526683807373,40.2999992370605,9.51840019226074,9,4102.3720703125,671.156005859375,70.62746,83.79714,0,0,1,19.2058601379395
"Russian Federation",2005,24.8130130767822,41.2999992370605,9.12660026550292,9,5323.47412109375,654.033996582031,72.6101599999999,80.35564,0,0,1,19.5615463256836
"Russian Federation",2006,20.1251811981201,41,8.73480033874511,9,6920.1943359375,613.359985351562,72.84289,75.02123,0,0,1,18.2783222198486
"Russian Federation",2007,17.7275409698486,42.2999992370605,8.3430004119873,9,9101.2529296875,624.869995117187,74.0725999999999,72.26079,0,1,0,17.3121070861816
"Russian Federation",2008,16.5903491973876,41.599998474121,7.95120000839233,9,11635.2607421875,628.849975585937,74.9683,71.78581,0,1,0,15.9117565155029
"Russian Federation",2009,14.9350671768188,39.7999992370605,8.39996433258056,9,8562.8095703125,624.960021972656,75.44277,71.75452,0,1,0,15.1727228164673
"Russian Federation",2010,13.4656000137329,39.5,7.36881637573242,9,10674.9873046875,544.739990234375,75.97013,79.09257,0,1,0,14.4993438720703
"Russian Federation",2011,12.3655004501342,39.7000007629394,6.53554964065551,9,14351.2119140625,521.599975585937,76.49749,86.43062,0,1,0,14.8393173217773
"Russian Federation",2012,11.5690002441406,40.7000007629394,5.4362998008728,9,15434.5751953125,521,76.14145,87.15923,1,0,0,16.1884231567383
"Russian Federation",2013,10.9772310256958,40.9000015258789,5.4576997756958,11,16007.08984375,520.070007324218,78.05873,92.38923,1,0,0,8.54837036132812
"Russian Federation",2014,11.3104095458984,39.9000015258789,5.16999816894531,11,14125.9091796875,522.330017089843,78.74703,98.46366,1,0,0,8.96420669555664
"Russian Federation",2015,11.4804563522338,37.7000007629394,5.57899951934814,11,9346.6162109375,476.869995117187,80.49591,98.52444,0,1,0,9.6484203338623
"Serbia",2003,1.89188945293426,27.3999996185302,10.2885999679565,8,2832.49072265625,540,39.61336,92.0007,0,0,1,32.2299995422363
"Serbia",2004,1.77137529850006,30.3999996185302,18.5,8,3331.22875976562,510,40.9338,92.6534,0,0,1,31.0400009155273
"Serbia",2005,1.59522759914398,30.2999992370605,2.85381460189819,8,3528.13110351562,491.730010986328,44.20525,93.3061,1,0,0,29.041841506958
"Serbia",2006,1.70058965682983,35.5,2.85381460189819,8,4129.7587890625,468.83999633789,46.81958,93.9588,1,0,0,26.8785438537598
"Serbia",2007,1.87187731266021,29.3999996185302,18.5999946594238,8,5458.12158203125,348.880004882812,47.993,95.10051,0,0,1,24.7152500152588
"Serbia",2008,1.53853726387023,27.5,13.7479963302612,8,6701.77392578125,352.350006103515,48.66538,95.19115,0,0,1,25.1108131408691
"Serbia",2009,1.69888746738433,27.7999992370605,16.1422462463378,8,5821.30517578125,358.179992675781,49.84967,95.53899,0,0,1,24.5375862121582
"Serbia",2010,1.43969094753265,33.7000007629394,19.2175998687744,8,5411.87744140625,369.540008544921,49.08272,94.59862,0,0,1,29.7208099365234
"Serbia",2011,1.50104308128356,27,22.9661998748779,8,6423.2919921875,376.58999633789,51.59377,97.79565,0,0,1,28.545618057251
"Serbia",2012,1.23925638198852,30.9500007629394,23.9999809265136,8,5659.38037109375,382.440002441406,53.50003,102.6659,0,0,1,24.7604141235352
"Serbia",2013,1.59188985824584,34.9000015258789,22.1536998748779,8,6353.826171875,379.170013427734,56.38088,96.01579,0,0,1,18.8814678192139
"Serbia",2014,1.35063469409942,38.599998474121,19.2234115600585,8,6200.17333984375,501.890014648437,58.05497,96.2823,0,0,1,15.484058380127
"Serbia",2015,1.17497134208679,38.2000007629394,17.929344177246,8,5237.25537109375,479.33999633789,58.28769,101.81807,0,0,1,15.2821941375732
"Slovenia",2003,1.05582547187805,30.3999996185302,6.69999980926513,9,14880.4716796875,378.510009765625,68.98854,96.23195,0,1,0,23.3644866943359
"Slovenia",2004,1.35580968856811,25.5,6.30000019073486,9,17260.90234375,383.83999633789,72.37007,96.04235,0,1,0,27.1889381408691
"Slovenia",2005,1.00186300277709,24.7999992370605,6.5,9,18169.181640625,394.739990234375,79.24699,95.94755,0,1,0,23.7632522583008
"Slovenia",2006,0.59886485338211,24.6000003814697,6,9,19726.126953125,391.760009765625,82.57492,95.85275,0,1,0,20.8301296234131
"Slovenia",2007,1.19193124771118,23.7999992370605,4.90000009536743,9,23841.318359375,395.100006103515,84.56769,98.395125,1,0,0,19.6856288909912
"Slovenia",2008,0.493939846754074,23.1000003814697,4.40000009536743,9,27501.810546875,383.08999633789,85.5046799999999,99.6663125,1,0,0,16.9954471588135
"Slovenia",2009,0.638687551021575,24.7999992370605,5.90000009536743,9,24633.796875,383.880004882812,86.4228399999999,100.9375,0,1,0,24.9084243774414
"Slovenia",2010,0.733436107635498,25.7000007629394,7.30000019073486,9,23437.47265625,378.859985351562,89.11239,98.94037,0,1,0,6.73575115203857
"Slovenia",2011,0.779181838035583,24.8999996185302,8.19999980926513,9,24985.248046875,370.609985351562,85.94992,97.57624,0,1,0,6.99135875701904
"Slovenia",2012,0.679482996463775,27.2999992370605,8.89999961853027,9,22532.435546875,357.320007324218,86.91906,95.80781,0,0,1,5.66448783874512
"Slovenia",2013,0.580799102783203,26.2000007629394,10.1000003814697,9,23357.939453125,349.279998779296,85.14758,94.07005,0,0,1,4.85294103622437
"Slovenia",2014,0.820920944213867,25.7000007629394,9.69999980926513,9,24202.431640625,339.489990234375,82.05021,93.53881,0,0,1,3.61366605758667
"Slovenia",2015,0.963953912258148,25.3999996185302,9,9,20873.16015625,330.200012207031,80.04787,98.46129,0,0,1,12.2230167388916
"Spain",2003,1.37620902061462,31.7999992370605,19.7999992370605,10,21495.70703125,294.429992675781,63.89923,72.13585,0,0,1,21.8839130401611
"Spain",2004,1.1994924545288,33.2999992370605,19.1000003814697,10,24918.646484375,321.970001220703,66.03873,73.0062,0,0,1,22.0833683013916
"Spain",2005,1.17613315582275,32.4000015258789,17.8999996185302,10,26510.716796875,326.709991455078,67.11713,74.06705,0,0,1,22.4719104766846
"Spain",2006,1.06426906585693,33.5,13.8999996185302,10,28482.609375,336.959991455078,68.51604,75.3184,0,0,1,23.5313415527344
"Spain",2007,1.06181764602661,34.099998474121,9.60000038146972,10,32709.400390625,344.690002441406,69.52485,76.76025,0,0,1,24.0491809844971
"Spain",2008,0.884824812412261,34.2000007629394,7.09999990463256,10,35579.30859375,360.149993896484,71.14673,78.3926,0,1,0,24.2652053833008
"Spain",2009,0.886477649211883,34.9000015258789,8.10000038146972,10,32334.005859375,373.109985351562,73.54173,81.14597,0,1,0,20.4787139892578
"Spain",2010,0.857045829296112,35.2000007629394,9.69999980926513,10,30736.626953125,383.059997558593,78.47266,80.44864,0,0,1,18.7166061401367
"Spain",2011,0.82073563337326,35.7000007629394,9.69999980926513,10,31835.2890625,387.75,83.20722,84.43265,0,0,1,17.2380523681641
"Spain",2012,0.776824951171875,35.4000015258789,10.1000003814697,10,28563.859375,384.489990234375,85.34322,86.827,0,0,1,15.9453039169312
"Spain",2013,0.646714806556701,36.2000007629394,10.3000001907348,10,29211.7734375,378.679992675781,86.87118,89.41185,0,0,1,13.9174718856812
"Spain",2014,0.694297730922698,36.099998474121,9,10,29623.1640625,373.570007324218,88.88061,93.38559,0,0,1,13.2196187973022
"Spain",2015,0.650894820690155,36.2000007629394,7.5,10,25789.51953125,368.200012207031,89.48473,93.61278,0,1,0,12.47119140625
"Sweden",2003,0.949569821357727,25.2999992370605,6.59999990463256,9,36961.42578125,182.179992675781,81.41992,90.845,0,1,0,20.7401924133301
"Sweden",2004,1.19012677669525,26.1000003814697,7.40000009536743,9,42442.21875,188.050003051757,83.7617099999999,88.6048,0,1,0,21.2902355194092
"Sweden",2005,0.918281495571136,26,7.69999980926513,9,43085.3515625,189.070007324218,81.95384,89.7772,0,1,0,20.0487995147705
"Sweden",2006,1.0004106760025,26.3999996185302,7.09999990463256,9,46256.47265625,191.729995727539,79.3248,90.9496,0,1,0,21.5898342132568
"Sweden",2007,1.21136152744293,26,6.09999990463256,9,53324.37890625,195.190002441406,74.8364299999999,92.122,0,1,0,20.5245800018311
"Sweden",2008,0.887744665145874,25.5,6.19999980926513,9,55746.84375,198.570007324218,70.73549,93.2944,0,1,0,19.4684009552002
"Sweden",2009,0.998552858829498,27.2999992370605,8.30000019073486,9,46207.05859375,205.77000427246,70.74138,93.6947,0,1,0,19.832555770874
"Sweden",2010,0.96909874677658,27.7000007629394,8.60000038146972,9,52076.2578125,216.279998779296,73.67144,93.38964,0,0,1,21.5016059875488
"Sweden",2011,0.855703830718994,27.6000003814697,7.80000019073486,9,59593.2890625,215.570007324218,72.8254,92.54731,0,1,0,22.8070163726807
"Sweden",2012,0.712720513343811,27.6000003814697,8,9,57134.078125,208.419998168945,68.81984,94.76727,0,1,0,22.9351959228516
"Sweden",2013,0.904812932014465,28.7999992370605,8,9,60283.24609375,206.880004882812,63.21963,97.74272,0,1,0,23.5191326141357
"Sweden",2014,0.897890627384185,28.3999996185302,7.90000009536743,9,59180.19921875,206.639999389648,62.18302,104.45795,0,1,0,24.2546463012695
"Sweden",2015,1.1471220254898,29.2000007629394,7.40000009536743,9,50812.19140625,203.52000427246,62.28411,105.79423,0,1,0,22.5690059661865
"Switzerland",2003,1.00111174583435,31.6000003814697,3.87829995155334,9,48087.58203125,207.889999389648,43.92307,96.2814,1,0,0,42.3894309997559
"Switzerland",2004,1.06162214279174,32.3666648864746,3.96090006828308,9,53340.1484375,210.649993896484,45.47104,97.11402,1,0,0,40.7989311218262
"Switzerland",2005,1.01210367679595,33.1333351135253,4.04349994659423,9,54952.671875,221.960006713867,45.66494,97.62946,1,0,0,30.6175651550293
"Switzerland",2006,0.801988184452056,33.9000015258789,4.12610006332397,9,57579.5,222.570007324218,46.38774,96.0222,1,0,0,42.0513763427734
"Switzerland",2007,0.674571216106414,32.2999992370605,4.20870018005371,12,63555.23828125,214.27000427246,47.08502,95.8926,1,0,0,41.5877227783203
"Switzerland",2008,0.706241190433502,33.7999992370605,4.29129981994628,12,72487.84375,213.509994506835,48.66642,95.82719,1,0,0,44.3145408630371
"Switzerland",2009,0.659156501293182,32.9000015258789,4.11699819564819,12,69927.46875,220.460006713867,49.97335,92.95179,1,0,0,44.9776992797852
"Switzerland",2010,0.663945257663726,32.599998474121,4.86722946166992,12,74605.71875,219.759994506835,52.75029,93.00618,1,0,0,44.5099754333496
"Switzerland",2011,0.580044865608215,31.7000007629394,4.47599935531616,12,88415.625,217.809997558593,54.28939,94.48284,1,0,0,42.7657318115234
"Switzerland",2012,0.560281991958618,31.6000003814697,4.48466730117797,12,83538.2265625,219.75,55.32426,95.87083,1,0,0,45.1163558959961
"Switzerland",2013,0.700876474380493,32.5,4.74669981002807,12,85112.4609375,219.440002441406,56.07384,94.68187,1,0,0,43.8214073181152
"Switzerland",2014,0.498199850320816,32.5,4.82597780227661,12,86605.5625,216.990005493164,57.03425,95.37327,1,0,0,42.4911804199219
"Switzerland",2015,0.685115158557891,32.2999992370605,4.87187671661376,12,82016.0234375,218.710006713867,57.51696,96.67343,1,0,0,42.4130516052246
"Turkey",2003,4.29290390014648,43.2000007629394,1.53999996185302,8,4718.45654296875,481.670013427734,30.20978,90.0577,1,0,0,49.1018218994141
"Turkey",2004,4.34874391555786,42.7000007629394,1.29999995231628,8,6040.884765625,488.809997558593,30.98231,87.02873,1,0,0,54.9365692138672
"Turkey",2005,4.8672080039978,41.7999992370605,9.5,8,7384.25830078125,486.75,33.09637,91.47321,0,0,1,55.3657608032227
"Turkey",2006,4.60710191726684,40.2999992370605,9,8,8034.6064453125,474.109985351562,36.92274,90.47655,0,0,1,62.4553337097168
"Turkey",2007,5.17117881774902,39.2999992370605,9.10000038146972,8,9709.7197265625,483.760009765625,38.8035,92.95471,0,0,1,58.1591949462891
"Turkey",2008,4.62379121780395,42.2000007629394,10,8,10850.8701171875,488.619995117187,40.21886,96.56434,0,0,1,55.9665489196777
"Turkey",2009,5.17527627944946,39,13,8,9036.2666015625,516.599975585937,46.54111,93.24341,0,0,1,32.5724639892578
"Turkey",2010,4.23632049560546,38.7999992370605,11.1000003814697,8,10672.400390625,513.72998046875,56.36382,101.84449,0,0,1,27.409854888916
"Turkey",2011,4.16976261138916,40,9.10000038146972,8,11340.8232421875,504.029998779296,61.11646,96.11089,0,0,1,27.7708911895752
"Turkey",2012,4.31273412704467,40.2000007629394,8.39999961853027,12,11720.3134765625,504.920013427734,69.78193,95.34717,0,1,0,22.8647956848145
"Turkey",2013,4.47811222076416,40.2000007629394,9,12,12542.7216796875,505.75,79.59632,94.74721,0,0,1,19.5061702728271
"Turkey",2014,4.45949602127075,41.2000007629394,9.89999961853027,12,12127.4609375,506.872985839843,87.01869,97.00861,0,0,1,13.9939498901367
"Turkey",2015,4.44087934494018,42.9000015258789,10.3000001907348,12,10984.8056640625,507.906005859375,95.43396,95.10945,0,0,1,14.6269369125366
"Uganda",2003,8.02258968353271,43.4385986328125,3.59999990463256,7,237.999588012695,113.10530090332,3.68507,18.86106,1,0,0,61.519603729248
"Uganda",2004,7.43241310119628,43.2540016174316,2.75,7,288.023681640625,113.469596862792,3.55702,18.67332,1,0,0,60.1541862487793
"Uganda",2005,8.7303991317749,42.2000007629394,1.89999997615814,7,315.788024902343,113.83390045166,3.510985,19.48507,1,0,0,60.4735450744629
"Uganda",2006,9.12331485748291,42.599998474121,2.5,7,336.459381103515,114.198196411132,3.46495,20.29682,1,0,0,58.9752922058105
"Uganda",2007,8.6464786529541,42.599998474121,3,7,401.850860595703,114.5625,3.61646,21.95079,1,0,0,58.4090995788574
"Uganda",2008,8.8207721710205,42.599998474121,3.59999990463256,7,449.692810058593,122.519996643066,3.76797,23.15831,1,0,0,55.8922653198242
"Uganda",2009,9.86515998840332,42.599998474121,4.09999990463256,7,554.404968261718,108.680000305175,4.18066,24.4943,1,0,0,55.1855812072754
"Uganda",2010,9.31737422943115,44.4000015258789,4,7,595.206176757812,113.269996643066,3.92246,26.92059,1,0,0,55.6099891662598
"Uganda",2011,10.6942434310913,43.5,3.84999990463256,7,574.919555664062,111.410003662109,4.38302,26.02385,1,0,0,51.4912071228027
"Uganda",2012,11.1990051269531,41,3.55885672569274,7,636.63818359375,123.349998474121,3.75413,24.68219,1,0,0,53.8111991882324
"Uganda",2013,10.2706184387207,42.4169998168945,1.99999964237213,7,655.049560546875,113.629997253417,4.187455,28.4118,1,0,0,55.0748062133789
"Uganda",2014,11.5184535980224,42.3613014221191,1.89999997615814,7,702.795104980468,119.26000213623,4.62078,28.76684,1,0,0,54.1861610412598
"Uganda",2015,11.5653028488159,42.309398651123,1.89999997615814,7,675.121154785156,117.475898742675,4.8124,29.7928,1,0,0,51.7099990844727
"Ukraine",2003,8.49296474456787,25.7999992370605,7.67910003662109,11,1048.5224609375,266.820007324218,60.87873,105.10144,0,1,0,13.046365737915
"Ukraine",2004,7.38521385192871,27.6000003814697,7.76440000534057,11,1367.35241699218,271.209991455078,65.74342,102.42836,0,1,0,11.908543586731
"Ukraine",2005,6.46163415908813,27.3999996185302,7.84969997406005,11,1828.71765136718,350.399993896484,70.33859,103.46691,0,1,0,11.2085561752319
"Ukraine",2006,6.34540796279907,29.1000003814697,7.93499994277954,11,2303.01879882812,358.929992675781,75.41774,99.71729,0,1,0,11.5868721008301
"Ukraine",2007,5.70426368713378,29.6000003814697,8.02029991149902,11,3068.60888671875,365.869995117187,78.8987099999999,98.85046,0,1,0,12.3027591705322
"Ukraine",2008,5.33923053741455,25.5,8.10560035705566,11,3891.03784179687,372.809997558593,81.23451,101.76107,0,1,0,13.7160320281982
"Ukraine",2009,4.87019777297973,26.3999996185302,8.84341526031494,11,2545.48022460937,390.279998779296,81.93965,62.2588,0,0,1,15.8215761184692
"Ukraine",2010,4.34132194519042,25.6000003814697,8.97122764587402,11,2965.14233398437,387.109985351562,80.1486,116.29638,0,0,1,25.555908203125
"Ukraine",2011,4.74622249603271,24.6000003814697,7.85139989852905,11,3569.75708007812,402.976409912109,82.1871,104.28265,0,1,0,24.4317626953125
"Ukraine",2012,5.151123046875,24.7000007629394,7.52881669998168,11,3855.42138671875,409.932006835937,81.93866,100.57378,0,1,0,22.5300006866455
"Ukraine",2013,5.74488306045532,24.6000003814697,7.42499923706054,11,4029.71557617187,416.223999023437,80.62782,98.4731,0,1,0,23.9600009918213
"Ukraine",2014,6.33864259719848,24.1000003814697,8.79529953002929,11,3104.658203125,421.968597412109,83.42202,95.14546,0,0,1,25.3899993896484
"Ukraine",2015,4.54218578338623,25.5,9.14343357086181,11,2124.66259765625,427.252807617187,85.404,101.5265,0,0,1,26.8200016021729
"Uruguay",2003,5.92367696762084,46.2000007629394,16.3538150787353,9,3622.05224609375,510.730010986328,42.44091,74.26639,0,0,1,85.2368545532227
"Uruguay",2004,6.01667356491088,47.4000015258789,12.9794998168945,9,4117.30908203125,507.420013427734,43.63614,72.67926,0,0,1,81.5666046142578
"Uruguay",2005,5.7132339477539,45.9000015258789,12.879955291748,9,5220.951171875,575.564819335937,45.33721,70.44627,0,0,1,70.8254089355469
"Uruguay",2006,6.06416654586791,47.2000007629394,1.84362733364105,9,5877.8759765625,598.112182617187,46.0488,68.16363,1,0,0,60.0842170715332
"Uruguay",2007,5.80883359909057,46.9000015258789,9.43442153930664,9,7009.697265625,615.601013183593,50.68611,65.7559,0,0,1,61.0999984741211
"Uruguay",2008,6.59539270401,46.2999992370605,8.25529766082763,14,9062.3125,629.890014648437,50.93321,69.56151,0,1,0,62.3000030517578
"Uruguay",2009,6.72067975997924,46.2999992370605,7.74999713897705,14,9415.169921875,641.973022460937,51.08244,72.9664,0,1,0,63.5
"Uruguay",2010,6.07512712478637,44.9000015258789,7.15819978713989,14,11938.2119140625,668.799987792968,51.23167,74.12025,0,1,0,64.7586212158203
"Uruguay",2011,5.87779378890991,43.4000015258789,6.3799819946289,14,14166.4990234375,667.799987792968,53.681,75.8504,0,1,0,63.2635040283203
"Uruguay",2012,7.8603925704956,41,6.4513144493103,14,15092.068359375,680.859985351562,56.923,77.7628,0,1,0,67.1692504882812
"Uruguay",2013,7.62909698486328,40.7999992370605,6.44369983673095,14,16881.205078125,686.97998046875,59.83796,79.6752,0,1,0,63.3255729675293
"Uruguay",2014,7.83729791641235,41.099998474121,6.54739999771118,14,16737.8984375,670.179992675781,60.64696,81.5876,0,1,0,65.5418167114258
"Uruguay",2015,8.53841018676757,40.2000007629394,7.48789978027343,14,15524.8427734375,676.659973144531,55.56627,83.5,0,1,0,69.3677520751953
