,Country,Year,Homicide,Inequality,Compulsory education duration (years),GDP per capita (constant 2010 US$),Lower secondary completion rate total (% of relevant age group),Research and development expenditure (% of GDP),School enrollment tertiary (% gross),Unemployment total (% of total labor force) (national estimate),Urban population (% of total population),Unsentenced,Police personel
0,Albania,2003,5.323896566,0.311,8.0,2725.171389,86.46875,0.08757000000000001,16.65723991,15.0,44.573,19.1331501,271.48
1,Albania,2004,4.219147004,0.311,8.0,2887.370342,86.46875,0.08757000000000001,19.89043999,14.39999962,45.651,26.84187889,271.48
2,Albania,2005,4.988969195,0.29600000000000004,8.0,3062.673883,86.46875,0.08757000000000001,23.18983078,14.10000038,46.731,33.64197539999999,340.91
3,Albania,2006,3.101513179,0.3035,8.0,3263.9017129999997,86.46875,0.08757000000000001,26.63714027,13.80000019,47.815,32.93664932,247.41
4,Albania,2007,3.4607858360000003,0.29975,8.0,3485.3224090000003,91.59715271,0.08757000000000001,30.68712997,15.97000027,48.902,63.26164627,543.53
5,Albania,2008,3.097230044,0.2998467,8.0,3775.581314,91.07324219,0.15412,32.09280014,13.06000042,49.99100000000001,39.60536957,856.04
6,Albania,2009,2.8590226039999997,0.29979835,8.0,3928.450391,89.91284943,0.12084500000000001,33.38555145,13.67000008,51.076,34.88322067,304.06
7,Albania,2010,4.307963049,0.299822525,8.0,4094.350334,94.40544128,0.1374825,44.54925156,14.09000015,52.163000000000004,40.47669983,580.05
8,Albania,2011,4.848731527,0.2998104375,8.0,4209.874801,93.75469971,0.12916375000000002,49.87870026,13.47999954,53.247,39.70809174,442.05499999999995
9,Albania,2012,5.387614869,0.2896048,9.0,4276.6079039999995,93.73104858,0.13332312500000001,59.25201035,13.38000011,54.33,38.02511978,511.05249999999995
10,Albania,2013,4.270284193999999,0.29470761875,9.0,4327.37996,94.05895233,0.1312434375,64.63442993,15.86999989,55.387,39.51580429,894.37
11,Albania,2014,4.039627015,0.345989,9.0,4413.296891,94.38111115,0.13228328125,65.78296661,18.04999924,56.423,51.39743042,251.18
12,Albania,2015,2.214131417,0.32912909999999995,9.0,4524.373086,99.15677643,0.131763359375,62.00762177,17.19000053,57.434,49.23925781,299.42
13,Albania,2016,2.7369477910000004,0.3370824,9.0,4681.8265630000005,96.76894379,0.1320233203125,58.3818512,15.42000008,58.42100000000001,50.318344115,211.26
14,Albania,2017,2.010977859,0.33171090000000003,9.0,4864.310616,88.16436768,0.13189333984375,57.375259400000004,13.61999989,59.383,49.7788009625,222.61
15,Austria,2003,0.6115568339999999,0.258,9.0,43052.6026,103.8198776,2.17456,63.04729079999999,4.78000021,59.375,25.94000053,193.69
16,Austria,2004,0.718040213,0.263,9.0,43956.5829,103.8198776,2.1661200000000003,63.04729079999999,5.829999924,59.093999999999994,24.48399925,193.69
17,Austria,2005,0.65425552,0.253,9.0,44637.85601,103.8198776,2.37324,63.04729079999999,5.6300001139999996,58.813,23.24698639,305.67
18,Austria,2006,0.73623971,0.262,9.0,45951.734639999995,102.33032990000001,2.3592299999999997,63.04729079999999,5.239999771,58.532,23.49805641,291.8
19,Austria,2007,0.541273226,0.27699999999999997,9.0,47510.293789999996,101.396553,2.41843,63.04729079999999,4.860000134,58.248999999999995,21.79316521,298.735
20,Austria,2008,0.6953165040000001,0.275,9.0,48053.48236,100.7072983,2.56945,65.88690186,4.1300001139999996,57.966,22.82977676,150.67
21,Austria,2009,0.609125561,0.28300000000000003,9.0,46123.4911,100.02937320000001,2.59674,68.11264801,5.3000001910000005,57.683,22.89848518,140.38
22,Austria,2010,0.689659683,0.27399999999999997,9.0,46858.04327,101.87132259999998,2.7261,75.6237793,4.820000172,57.398999999999994,21.661182399999998,365.29
23,Austria,2011,0.887206378,0.276,10.0,48065.31654,101.7139816,2.6686799999999997,78.49945068,4.559999943,57.115,20.39311981,238.5
24,Austria,2012,0.929167995,0.27,10.0,48172.23812,99.30486298,2.91472,78.93891144,4.8699998860000004,57.147,20.34071541,250.5
25,Austria,2013,0.724621505,0.276,10.0,47901.36613,97.33421326,2.95492,79.65540314,5.329999924,57.336000000000006,20.41300011,274.76
26,Austria,2014,0.522332318,0.272,10.0,47842.74891,96.90894318,3.08429,79.15869904,5.6199998860000004,57.526,21.09986305,262.63
27,Austria,2015,0.530035315,0.272,10.0,47789.38502,96.22541046,3.0497900000000002,80.71942139,5.71999979,57.715,20.79473877,261.73
28,Austria,2016,0.6516291989999999,0.27899999999999997,10.0,48215.890530000004,97.1798172,3.12588,83.45494843,6.010000229,57.905,20.94730091,203.59
29,Austria,2017,0.793659612,0.268,13.0,49031.10703,97.67305756,3.05212,85.05713654,5.5,58.093999999999994,20.87101984,199.3
30,Belgium,2003,2.207499375,0.261,12.0,40634.596489999996,89.60427094,1.8318400000000001,59.83446121,7.679999828,97.296,40.95000076,501.16
31,Belgium,2004,2.557223115,0.28,12.0,41903.9924,89.60427094,1.80898,61.02286911,7.360000134,97.35,39.93999863,501.16
32,Belgium,2005,2.095405421,0.278,12.0,42641.69358,89.60427094,1.7823099999999998,61.08547974,8.43999958,97.40299999999999,37.866668700000005,501.16
33,Belgium,2006,2.081080399,0.263,12.0,43442.5827,89.60427094,1.8142599999999998,61.65359116,8.25,97.454,37.92000198,498.16
34,Belgium,2007,1.9724094509999999,0.275,12.0,44710.38425,86.28598785,1.8441299999999998,61.20013046,7.4600000379999996,97.505,36.90999985,448.3
35,Belgium,2008,1.88333282,0.264,12.0,44556.82522,83.71250916,1.92413,62.08623886,6.980000018999999,97.555,35.90000153,320.72
36,Belgium,2009,1.7403420680000001,0.266,12.0,43306.59602,84.16925049,1.98537,65.26769257,7.909999847000001,97.603,34.88999939,290.03
37,Belgium,2010,1.727804906,0.263,12.0,44141.87814,89.30754852,2.05081,67.82901001,8.289999962000001,97.65100000000001,35.14818573,318.45
38,Belgium,2011,1.9430063569999998,0.265,12.0,44309.63254,92.20603943,2.1553299999999997,69.8425293,7.139999866,97.698,33.62831879,348.86
39,Belgium,2012,1.849286739,0.259,12.0,44361.21009,92.55734253,2.27334,71.1920166,7.5399999620000004,97.744,32.10845566,260.15
40,Belgium,2013,1.8379043659999998,0.259,12.0,44355.37731,93.75318146,2.33393,72.11549377,8.430000305,97.789,30.84999847,462.18
41,Belgium,2014,1.871453429,0.262,12.0,44855.9702,93.93034363,2.38729,72.99739838,8.520000458,97.833,29.84000206,361.16499999999996
42,Belgium,2015,2.0375744680000003,0.263,12.0,45507.231060000006,95.04216003,2.46123,74.55976105,8.479999542,97.876,27.46043205,189.06
43,Belgium,2016,1.5324446269999998,0.261,12.0,45850.93303,94.40424347,2.55595,75.89064026,7.829999924,97.919,28.650217055,275.11249999999995
44,Belgium,2017,1.690054215,0.257,12.0,46409.13008,93.55288696,2.70234,79.66172791,7.090000152999999,97.961,28.0553245525,232.08624999999998
45,Brazil,2003,25.75645397,0.562,8.0,8943.828483,75.85272217,0.99939,23.21698952,9.989999771,82.20299999999999,21.60000038,343.81
46,Brazil,2004,24.11823962,0.5539999999999999,8.0,9346.039343,75.85272217,0.9634299999999999,24.49123955,9.109999657000001,82.521,27.72000122,301.93
47,Brazil,2005,23.44880162,0.552,8.0,9535.41883,75.85272217,1.0024600000000001,25.98962975,9.569999695,82.834,28.25551605,315.7
48,Brazil,2006,23.96067059,0.5479999999999999,8.0,9805.724506,75.85272217,0.9880700000000001,25.240434649999997,8.640000342999999,83.14299999999999,43.3146553,177.66
49,Brazil,2007,23.47072822,0.5429999999999999,8.0,10293.530340000001,75.85272217,1.08138,30.78668976,8.329999924,83.448,43.43832016,161.55
50,Brazil,2008,23.89465891,0.536,8.0,10710.872220000001,75.85272217,1.12904,35.56209946,7.340000152999999,83.749,30.79191971,467.3
51,Brazil,2009,22.96085537,0.5329999999999999,8.0,10594.98659,71.62493134,1.11866,37.03839874,8.520000458,84.044,42.55008316,168.39
52,Brazil,2010,22.10985431,0.5345,8.0,11286.24302,73.738826755,1.15992,36.3002491,7.9300003055,84.335,41.87709427,333.99
53,Brazil,2011,24.34453674,0.526,8.0,11627.81065,71.75012207,1.1396600000000001,43.45983124,6.920000076,84.631,40.61802673,251.19
54,Brazil,2012,26.62186809,0.523,8.0,11745.77593,72.74447441250001,1.12684,39.88004017,7.190000057000001,84.92299999999999,40.33451462,292.59000000000003
55,Brazil,2013,26.94195361,0.522,14.0,11993.483979999999,72.24729824125001,1.19567,41.669935705,6.980000018999999,85.209,40.53328323,271.89
56,Brazil,2014,28.84983225,0.514,14.0,11951.20945,72.49588632687501,1.27131,40.7749879375,6.659999847000001,85.492,41.16821289,365.81
57,Brazil,2015,28.59025632,0.511,14.0,11431.15448,72.3715922840625,1.34264,41.22246182125,8.430000305,85.77,37.47198105,460.05
58,Brazil,2016,29.87780701,0.532,14.0,10965.974259999999,72.43373930546875,1.26417,40.998724879375004,11.60000038,86.042,39.320096969999994,412.93
59,Brazil,2017,30.83136251,0.5329999999999999,14.0,11021.71826,72.40266579476562,1.26326,41.1105933503125,12.81999969,86.309,38.396039009999996,436.49
60,Bulgaria,2003,3.1649194689999995,0.27699999999999997,9.0,4842.885654,46.99010086,0.47586999999999996,41.62207031,13.72999954,69.87899999999999,18.48797989,201.34
61,Bulgaria,2004,3.150570137,0.358,9.0,5193.913461,46.99010086,0.47448999999999997,42.55524063,12.03999996,70.233,18.28718567,195.76
62,Bulgaria,2005,2.5887983869999998,0.312,9.0,5607.527055,46.99010086,0.44616999999999996,45.3680191,10.07999992,70.584,18.18817711,198.55
63,Bulgaria,2006,2.437419899,0.353,9.0,6034.620126,46.99010086,0.4454,47.15087128,8.949999809,70.932,12.24452877,197.155
64,Bulgaria,2007,2.3361170959999997,0.359,9.0,6477.7702770000005,46.99010086,0.43023999999999996,50.58832932,6.8800001139999996,71.278,9.268815041,326.91
65,Bulgaria,2008,2.285992554,0.33399999999999996,9.0,6920.388954000001,46.99010086,0.44787,51.913311,5.610000134,71.622,8.43962574,329.94
66,Bulgaria,2009,2.0070893069999998,0.332,9.0,6730.058143000001,46.99010086,0.4947,54.23545074,6.820000172,71.96300000000001,9.882300377,353.13
67,Bulgaria,2010,1.99326304,0.35,9.0,6812.406338,46.99010086,0.56387,57.79518127,10.27999973,72.30199999999999,11.29118252,341.53499999999997
68,Bulgaria,2011,1.734734204,0.336,11.0,7017.663645999999,46.99010086,0.53191,59.02869034,11.26000023,72.638,11.11785507,334.55
69,Bulgaria,2012,1.92255066,0.354,11.0,7083.598787000001,46.99010086,0.6047899999999999,61.35998154,12.27000046,72.975,9.765089989,348.57
70,Bulgaria,2013,1.495180033,0.354,11.0,7146.558795999999,46.99010086,0.6372399999999999,64.19197845,12.93999958,73.313,8.761602402000001,327.04
71,Bulgaria,2014,1.5733582419999999,0.37,11.0,7322.808629000001,46.99010086,0.79377,67.56356049,11.42000008,73.65100000000001,8.500635147,328.46
72,Bulgaria,2015,1.75006344,0.377,11.0,7663.7220290000005,46.99010086,0.96015,70.30153656,9.140000342999999,73.99,9.300755501,324.72
73,Bulgaria,2016,1.1045941609999999,0.402,11.0,8012.511208,46.99010086,0.7800600000000001,71.2457428,7.570000172,74.329,8.900695324,326.59000000000003
74,Bulgaria,2017,1.450203395,0.396,11.0,8353.968238,46.99010086,0.75239,71.03066254,6.159999847000001,74.669,9.100725412500001,110.95
75,Chile,2003,3.2366647360000003,0.507,12.0,10109.66805,94.97573853,0.30956999999999996,43.46953964,9.770000458,86.665,41.94979477,329.99
76,Chile,2004,3.2366647360000003,0.507,12.0,10726.64485,94.97573853,0.30956999999999996,43.93024826,10.15999985,86.725,36.79066849,473.77
77,Chile,2005,3.559353738,0.507,12.0,11225.07995,94.97573853,0.30956999999999996,49.36883926,9.340000153,86.78299999999999,33.02272797,401.88
78,Chile,2006,3.6075682380000003,0.483,12.0,11808.83477,94.97573853,0.30956999999999996,48.23466873,9.020000458,86.84200000000001,27.748519899999998,300.86
79,Chile,2007,3.72651246,0.495,12.0,12256.42969,94.97573853,0.30956999999999996,53.95666885,8.430000305,86.9,22.35391998,310.71
80,Chile,2008,3.519218494,0.489,12.0,12553.79484,94.97573853,0.37496999999999997,56.73126984,9.289999962000001,86.959,21.3761425,274.8
81,Chile,2009,3.730860685,0.478,12.0,12227.21453,94.97573853,0.35202,60.91149902,11.31000042,87.01700000000001,21.18048286,292.755
82,Chile,2010,3.17069021,0.4835,12.0,12808.034590000001,94.97573853,0.32947,67.86342621,8.420000076,87.074,19.55177116,283.77750000000003
83,Chile,2011,3.6904685639999997,0.469,12.0,13455.837809999999,94.97573853,0.35144000000000003,72.2767868,7.340000152999999,87.132,17.88697433,369.42
84,Chile,2012,2.4942014130000003,0.47624999999999995,12.0,14035.67913,95.60127258,0.3622,75.93106842,6.659999847000001,87.189,19.77577591,326.59875
85,Chile,2013,3.164212799,0.466,12.0,14461.17438,92.37722778,0.3887,79.9562912,6.2100000379999996,87.24600000000001,21.8133831,258.78
86,Chile,2014,2.4663593930000003,0.471125,12.0,14561.326159999999,96.75611877,0.37503000000000003,82.84638214,6.659999847000001,87.303,24.31686211,228.84
87,Chile,2015,3.394668123,0.45299999999999996,12.0,14722.36633,95.87487793,0.38073,85.26672363,6.510000229,87.36,27.55589104,193.37
88,Chile,2016,3.360962052,0.4620625,12.0,14777.14884,95.62890625,0.36949,87.18814087,6.739999771,87.42200000000001,25.936376574999997,211.10500000000002
89,Chile,2017,4.217550913,0.45399999999999996,12.0,14741.1925,93.81433105,0.35518,88.4644165,6.9600000379999996,87.49,26.746133807499998,510.98
90,Colombia,2003,56.70396437,0.5489999999999999,10.0,5031.4922799999995,70.80351257,0.15602,28.136629100000004,13.22000027,75.211,42.38643265,135.24
91,Colombia,2004,48.03218599,0.5539999999999999,10.0,5225.245253,70.80351257,0.15353,28.136629100000004,12.73999977,75.62,42.35666275,146.68
92,Colombia,2005,42.46650308,0.55,10.0,5404.122236,75.85192871,0.15131,30.69215965,11.06000042,76.024,38.52967834,923.9
93,Colombia,2006,40.459804299999995,0.552,10.0,5693.264528,78.21257019,0.1499,32.69947815,11.28999996,76.423,32.24371338,237.84
94,Colombia,2007,39.32093805,0.5707,10.0,6002.33107,80.22670746,0.18498,33.74993896,10.25,76.816,34.877285,319.22
95,Colombia,2008,36.47047839,0.5720000000000001,10.0,6126.926503,82.616539,0.20164,36.07695007,10.48999977,77.204,34.37459946,345.97
96,Colombia,2009,35.34520875,0.557,10.0,6128.195589,89.43965149,0.196,37.51898956,11.28999996,77.587,32.33103561,239.57
97,Colombia,2010,34.18416048,0.56,10.0,6336.709474,92.50737,0.19532,39.41331863,10.97999954,77.964,30.69016075,465.67
98,Colombia,2011,35.31762993,0.5489999999999999,10.0,6711.668052,91.24649811,0.20625,43.03231049,10.10999966,78.335,27.19734001,207.19
99,Colombia,2012,35.68039662,0.539,10.0,6911.761191,88.20768738,0.23399999999999999,45.30730057,9.739999771,78.70100000000001,30.35632706,381.99
100,Colombia,2013,33.16235475,0.54,10.0,7201.006087000001,74.16750336,0.27128,48.73310852,9.050000191,79.061,30.86843491,459.58
101,Colombia,2014,28.40888163,0.54,10.0,7449.325237000001,74.94326019,0.30563,51.41638184,8.569999695,79.415,33.52930069,420.78499999999997
102,Colombia,2015,26.89777061,0.524,12.0,7580.275712999999,74.64495087,0.28975,53.28213882,8.300000191,79.764,35.49616241,320.62
103,Colombia,2016,25.74361732,0.521,12.0,7633.389843000001,74.08377838,0.26694,55.48424911,8.68999958,80.108,34.51273155,349.69
104,Colombia,2017,25.01950323,0.511,12.0,7620.916172,73.67666626,0.24294000000000002,56.43402863,8.869999886,80.446,35.00444698,371.76
105,Costa Rica,2003,7.204519251000001,0.48200000000000004,11.0,6545.736721,52.01004028,0.36349000000000004,26.65769958,6.559999942999999,63.08,20.0,346.06
106,Costa Rica,2004,6.626974247000001,0.486,11.0,6730.831394,52.01004028,0.37451999999999996,26.65769958,6.389999866,64.388,21.95229721,238.25
107,Costa Rica,2005,7.817050223,0.47600000000000003,11.0,6892.92318,56.16020966,0.369005,26.65769958,6.570000172,65.672,18.167385100000004,380.9
108,Costa Rica,2006,8.077468213,0.489,11.0,7289.903923000001,55.815979000000006,0.42906000000000005,26.65769958,5.739999771,66.935,21.60269737,346.94
109,Costa Rica,2007,8.377555779,0.498,11.0,7779.324927,56.41199112,0.35841999999999996,26.65769958,4.489999771,68.17399999999999,23.2266674,312.08
110,Costa Rica,2008,11.471787800000001,0.491,11.0,8034.329922,58.01575851,0.38831,26.65769958,4.78000021,69.39,25.3130703,158.86
111,Costa Rica,2009,11.61314555,0.512,11.0,7854.952375,54.77516174,0.52028,26.65769958,7.7100000379999996,70.575,28.39571571,302.64
112,Costa Rica,2010,11.51315897,0.49200000000000005,11.0,8141.913127,54.11470032,0.48491999999999996,26.65769958,7.170000076,71.736,25.22531128,493.14
113,Costa Rica,2011,10.23076196,0.503,13.0,8390.479071,53.60002136,0.46781999999999996,45.81893921,10.14000034,72.868,24.79841995,514.03
114,Costa Rica,2012,8.681735059,0.504,13.0,8689.965168,58.53863144,0.55606,48.1085701,9.779999733,73.946,24.34549141,503.585
115,Costa Rica,2013,8.667026141000001,0.512,13.0,8785.741385,55.78985977,0.55567,49.006721500000005,8.770000458,74.97,22.45182037,295.3
116,Costa Rica,2014,9.947053316,0.505,13.0,8993.526001999999,58.765338899999996,0.57209,52.23117065,9.06000042,75.941,21.23574448,399.4425
117,Costa Rica,2015,11.48973608,0.496,13.0,9219.389701,59.00381088,0.44993,53.05263138,9.0,76.862,18.09414864,366.05
118,Costa Rica,2016,11.79751705,0.5,13.0,9509.738189,56.51549911,0.42926000000000003,53.63869858,8.600000381000001,77.735,19.66494656,115.79
119,Costa Rica,2017,12.18192893,0.496,13.0,9775.850878,59.9991684,0.42336,55.74573898,8.140000342999999,78.56,18.879547600000002,126.36
120,Croatia,2003,1.572144695,0.29,8.0,12466.9291,90.11454773,0.95034,40.77352142,13.92000008,53.979,32.5133667,240.28
121,Croatia,2004,1.893301295,0.29,8.0,12981.254420000001,90.11454773,1.03207,42.06106949,13.65999985,54.147,30.00990486,561.94
122,Croatia,2005,1.553197234,0.29,8.0,13523.130990000001,94.94718933,0.8568899999999999,44.76409149,12.60000038,54.315,31.70731735,440.84
123,Croatia,2006,1.6930608759999999,0.28,8.0,14195.040309999998,97.87799072,0.7408100000000001,45.585289,11.13000011,54.483000000000004,30.21132278,554.02
124,Croatia,2007,1.4212272209999999,0.28,8.0,14917.65129,97.19590759,0.79187,47.18769836,9.909999847,54.651,30.23310089,383.88
125,Croatia,2008,1.6311943169999998,0.29,8.0,15201.915790000001,98.8781662,0.88397,49.16419983,8.529999733,54.818999999999996,28.60160446,468.95
126,Croatia,2009,1.12870431,0.27,8.0,14103.40249,101.1332474,0.8432299999999999,48.7858696,9.199999809,54.986999999999995,24.78020859,361.24
127,Croatia,2010,1.4324783980000002,0.312,8.0,13949.3265,99.7040863,0.7422,54.02853012,11.61999989,55.155,23.05905151,415.095
128,Croatia,2011,1.136074348,0.309,8.0,13969.804890000001,102.13848879999999,0.75041,57.22782135,13.68000031,55.321999999999996,17.62391853,416.14
129,Croatia,2012,1.18718704,0.309,8.0,13677.420719999998,96.78730011,0.75029,60.64714813,15.93000031,55.506,16.17802048,490.01
130,Croatia,2013,1.075622581,0.302,8.0,13654.24544,99.462894455,0.81016,65.53488922,17.25,55.706,21.46139717,275.32
131,Croatia,2014,0.845960468,0.304,8.0,13663.16545,98.12509728250001,0.78252,67.51023102,17.29000092,55.923,21.57852745,315.87
132,Croatia,2015,0.8741105920000001,0.298,8.0,14111.25125,98.79399586875,0.8402700000000001,66.49102020000001,16.18000031,56.155,21.81981468,258.06
133,Croatia,2016,1.0454755740000001,0.299,8.0,14707.23695,93.08521271,0.8627,66.53237915,13.10000038,56.403,21.699171065,215.46
134,Croatia,2017,1.099729443,0.297,8.0,15396.801080000001,95.61271667,0.8645,67.86556244,11.21000004,56.667,21.7594928725,208.43
135,Cyprus,2003,1.4090716030000001,0.287,9.0,28530.934960000002,95.85645294,0.31834,31.9636097,4.139999866,68.553,15.59888554,278.62
136,Cyprus,2004,1.5835156030000002,0.287,9.0,29566.82945,98.73725891,0.33564,35.86368942,4.329999924,68.41,18.28193855,194.02
137,Cyprus,2005,1.9461746480000002,0.28800000000000003,10.0,30558.427539999997,99.84481812,0.36727,33.22082138,5.3000001910000005,68.268,16.73306847,490.51
138,Cyprus,2006,1.434709251,0.298,10.0,31469.461860000003,99.81640625,0.38345999999999997,33.41991043,4.539999962,68.125,17.12802887,423.94
139,Cyprus,2007,1.222139911,0.29,10.0,32377.071519999998,86.62770844,0.40007,36.17380905,3.9200000760000004,67.982,12.61425877,384.06
140,Cyprus,2008,0.8321252109999999,0.295,10.0,32725.63025,99.67532349,0.38600999999999996,42.61800003,3.650000095,67.839,18.09815979,371.86
141,Cyprus,2009,1.730278693,0.301,10.0,31216.76455,100.9840012,0.44442,52.00389099,5.360000134,67.695,18.16609001,375.13
142,Cyprus,2010,0.719025505,0.292,10.0,31023.63833,94.71144867,0.44663,48.31158066,6.260000229,67.551,21.85534477,240.03
143,Cyprus,2011,0.800115928,0.31,10.0,30363.51005,92.8713913,0.45553999999999994,46.53973007,7.860000134,67.406,21.70417976,365.11
144,Cyprus,2012,1.9382474369999998,0.324,10.0,28873.62583,95.61269379,0.43778,45.86359024,11.80000019,67.26100000000001,23.0088501,302.57
145,Cyprus,2013,1.04907393,0.348,10.0,27044.309110000002,96.59719849,0.48218,47.52524185,15.86999989,67.137,21.15732384,333.84000000000003
146,Cyprus,2014,0.954614999,0.336,10.0,26834.01157,100.85157009999999,0.50835,53.10435104,16.09000015,67.031,18.98496246,186.03
147,Cyprus,2015,1.292004131,0.321,10.0,27897.958169999998,97.61321259,0.48058999999999996,60.10123062,14.90999985,66.946,20.10968971,259.935
148,Cyprus,2016,1.110931653,0.308,10.0,29643.838819999997,98.34835052,0.53442,67.17111206,12.94999981,66.881,19.547326085,218.91
149,Cyprus,2017,0.593378741,0.29100000000000004,10.0,30650.244789999997,98.94191742,0.56092,75.94081116,11.05000019,66.836,19.828507897500003,219.12
150,Czechia,2003,1.5919319719999998,0.24600000000000002,9.0,16238.12794,91.58660889,1.14741,37.00822067,7.5399999620000004,73.74,18.5,197.99
151,Czechia,2004,1.308664806,0.26,9.0,17014.69462,91.829422,1.1455899999999999,43.73418045,8.210000037999999,73.671,17.82151222,391.23
152,Czechia,2005,1.052819876,0.253,9.0,18112.86754,91.95054626,1.16835,48.34936142,7.929999828,73.602,15.10270882,373.41
153,Czechia,2006,1.262306395,0.253,9.0,19286.25598,99.21669006,1.23173,50.13668823,7.150000095,73.533,12.91312313,367.24
154,Czechia,2007,1.216505665,0.247,9.0,20242.099280000002,94.09143066,1.3022799999999999,54.18236160000001,5.320000172,73.46300000000001,11.92529488,370.32500000000005
155,Czechia,2008,1.0934971740000001,0.251,9.0,20614.19769,94.98961639,1.2393299999999998,58.06951141,4.389999866,73.39399999999999,11.71592999,244.5
156,Czechia,2009,0.89624915,0.249,9.0,19542.46928,94.65381622,1.2943799999999999,61.07540894,6.659999847000001,73.324,11.05111408,345.45
157,Czechia,2010,0.977552917,0.252,9.0,19960.06849,86.63262939,1.3368799999999998,63.94588089,7.28000021,73.255,11.1552515,331.97
158,Czechia,2011,0.8138920390000001,0.249,9.0,20269.48743,88.61505890000001,1.55571,65.57000732,6.7100000379999996,73.185,11.2775135,338.71000000000004
159,Czechia,2012,0.992316447,0.24600000000000002,9.0,20082.25119,92.17099762,1.7823099999999998,65.6711731,6.980000018999999,73.197,9.640522957,322.12
160,Czechia,2013,0.850137,0.251,9.0,20066.37559,96.78569031,1.89973,65.08576965,6.9499998089999995,73.29,13.86602497,269.52
161,Czechia,2014,0.764792792,0.25,9.0,20498.70575,98.05776978,1.97285,65.62409973,6.110000134,73.384,11.71079445,261.33
162,Czechia,2015,0.8300798290000001,0.251,9.0,21560.826230000002,98.93682861,1.92923,64.48162842,5.0500001910000005,73.477,9.393271446,323.83
163,Czechia,2016,0.612117977,0.245,9.0,22065.46864,96.95422363,1.68015,63.7481308,3.950000048,73.57,10.552032948,292.58
164,Czechia,2017,0.620240593,0.24,9.0,23144.40872,95.52796173,1.79079,64.07868958,2.890000105,73.675,9.972652197,308.205
165,Denmark,2003,1.20661567,0.239,9.0,56256.75574,99.21456146,2.51085,67.50428009,5.400000095,85.36,29.11288071,377.32
166,Denmark,2004,0.795890392,0.239,9.0,57608.73722,99.21456146,2.4191599999999998,74.39499664,5.1999998089999995,85.566,28.90894699,377.32
167,Denmark,2005,0.977552986,0.237,9.0,58792.66044,99.21456146,2.39337,80.37451172,4.829999924,85.85600000000001,25.83518982,160.9
168,Denmark,2006,0.5326678779999999,0.252,9.0,60892.77157999999,99.21456146,2.403,79.01963043,3.900000095,86.098,27.92471886,306.17
169,Denmark,2007,0.712990318,0.251,9.0,61174.54161,99.21456146,2.5154099999999997,78.55219269,3.799999952,86.29299999999999,28.11810112,326.34
170,Denmark,2008,0.982223394,0.26899999999999996,9.0,60504.77696,99.21456146,2.77346,75.68209076,3.680000067,86.48700000000001,34.27991867,342.92
171,Denmark,2009,0.8504649240000001,0.26899999999999996,9.0,57229.03987000001,97.11873627,3.05514,74.28376007,6.409999847000001,86.654,38.32303238,875.93
172,Denmark,2010,0.75609616,0.266,9.0,58041.39844,97.80104065,2.9170700000000003,73.59667206,7.75,86.795,35.72515106,328.32
173,Denmark,2011,0.823932738,0.265,10.0,58575.6078,99.70815277,2.94465,76.75834656,7.769999981000001,86.95700000000001,34.98860168,602.125
174,Denmark,2012,0.837653935,0.268,10.0,58487.79354,96.37104034,2.98125,79.10832214,7.8000001910000005,87.14200000000001,28.51919556,283.71
175,Denmark,2013,0.85134278,0.27699999999999997,10.0,58788.084160000006,97.55674744,2.97048,80.9310379,7.3800001139999996,87.292,29.96822357,561.94
176,Denmark,2014,1.306451274,0.27399999999999997,10.0,59437.94732000001,95.8318634,2.9140900000000003,81.02908325,6.929999828,87.41,29.75160408,422.82500000000005
177,Denmark,2015,1.089880895,0.27699999999999997,10.0,60402.12964,97.59461212,3.05497,82.12949371,6.28000021,87.52600000000001,29.03527832,416.49
178,Denmark,2016,0.9805044209999999,0.276,10.0,61877.97648,99.45043182,3.1040099999999997,81.05674744,5.989999771,87.64200000000001,29.393441199999998,507.89
179,Denmark,2017,1.238600298,0.278,10.0,63215.99807,99.39810181,3.0460000000000003,80.61602020000001,5.829999924,87.757,29.21435976,462.19
180,Dominican Republic,2003,21.49075564,0.506,9.0,4096.116387,72.3968277,0.3,34.09830856,6.940000057000001,64.605,67.0,392.46
181,Dominican Republic,2004,24.94862077,0.504,9.0,4143.281938,72.3968277,0.3,34.09830856,6.3000001910000005,66.003,67.5,392.46
182,Dominican Republic,2005,26.31561013,0.507,9.0,4472.712437,75.25054932,0.3,34.09830856,6.590000152999999,67.37,69.34502411,380.62
183,Dominican Republic,2006,23.25712323,0.525,9.0,4818.7351229999995,73.82368851000001,0.3,34.09830856,5.650000095,68.71,72.22222137,396.24
184,Dominican Republic,2007,22.60448175,0.495,9.0,5109.482859000001,80.47181702,0.3,34.09830856,5.159999847,70.02,66.02700043,477.93
185,Dominican Republic,2008,25.31169384,0.489,9.0,5207.002622999999,85.72946929999999,0.3,34.09830856,4.760000229,71.3,65.23999786,379.11
186,Dominican Republic,2009,24.79968123,0.496,9.0,5191.140357,82.16031647,0.3,34.09830856,5.46999979,72.542,64.45999908,469.29
187,Dominican Republic,2010,25.51800045,0.48,15.0,5555.389722,83.52984619,0.3,34.09830856,5.210000038,73.753,65.65588379,501.6
188,Dominican Republic,2011,25.60831466,0.484,15.0,5660.517067,76.53803253,0.3,34.09830856,6.090000152999999,74.827,64.30171204,485.44500000000005
189,Dominican Republic,2012,22.83777247,0.469,15.0,5745.422745,75.78302765,0.3,48.62900162,6.71999979,75.80199999999999,58.99574661,210.36
190,Dominican Republic,2013,19.6850668,0.484,15.0,5955.175904,77.92019653,0.3,41.363655089999995,7.349999905,76.749,53.689785,139.42
191,Dominican Republic,2014,17.80587893,0.449,15.0,6301.69627,77.73143768,0.3,49.31927109,6.71999979,77.67,57.88000107,258.02
192,Dominican Republic,2015,18.745472865,0.457,15.0,6661.865043,78.42523193,0.3,51.74710846,7.610000134,78.566,62.08000183,198.71999999999997
193,Dominican Republic,2016,15.54184189,0.435,15.0,7026.178156999999,84.59304809999999,0.3,54.49900055,7.28000021,79.436,59.98000145,122.07
194,Dominican Republic,2017,11.56650967,0.433,15.0,7273.353765000001,85.38220215,0.3,59.91558838,5.829999924,80.277,61.03000164,160.39499999999998
195,Ecuador,2003,14.48800786,0.601,10.0,3865.0528770000005,57.29870987,0.05735,38.77502823,5.659999847000001,61.316,65.24427795,384.26
196,Ecuador,2004,17.57819539,0.513,10.0,4112.674443,58.56632996,0.05735,38.77502823,5.0,61.513999999999996,59.73762894,236.72
197,Ecuador,2005,15.34084116,0.522,10.0,4258.421612,60.70466995,0.05735,38.77502823,3.779999971,61.711000000000006,64.43070984,491.34
198,Ecuador,2006,16.963764899999997,0.52,10.0,4372.091869,62.37028885,0.12863,38.77502823,3.549999952,61.907,62.45999908,628.3
199,Ecuador,2007,15.89893621,0.534,10.0,4393.724104999999,64.32952881,0.13194,38.77502823,3.140000105,62.104,61.31999969,241.54
200,Ecuador,2008,17.93510341,0.496,10.0,4596.145182,63.349908830000004,0.22779000000000002,38.77502823,3.9200000760000004,62.3,59.74000168,239.86
201,Ecuador,2009,17.76720454,0.485,10.0,4547.509301,79.60019684,0.39463000000000004,38.77502823,4.610000134,62.495,57.72000122,262.38
202,Ecuador,2010,17.47371981,0.49,15.0,4633.5903579999995,84.94763184,0.40297,38.77502823,4.090000153,62.69,55.26000214,142.95
203,Ecuador,2011,15.37665759,0.45799999999999996,15.0,4921.848409,82.43829346,0.33991,38.77502823,3.460000038,62.851000000000006,52.3599968,202.665
204,Ecuador,2012,12.4272179,0.46799999999999997,15.0,5122.18009,83.96199036,0.33236,39.81666946,3.2300000189999998,62.988,55.47054291,151.41
205,Ecuador,2013,10.98203384,0.47,15.0,5295.682696,91.29518890000001,0.3799,40.32244873,3.0799999239999996,63.125,39.64070129,177.0375
206,Ecuador,2014,8.21849177,0.449,15.0,5412.131646,98.23815918,0.44266000000000005,40.069559095,3.4800000189999998,63.261,39.59893417,884.46
207,Ecuador,2015,6.489011672999999,0.462,15.0,5330.539154,101.1498032,0.41128000000000003,44.89223099,3.6199998860000004,63.398,36.39834213,460.1
208,Ecuador,2016,5.839507769,0.45,15.0,5176.058803,100.4854965,0.42697000000000007,42.4808950425,4.599999905,63.534,37.998638150000005,217.13
209,Ecuador,2017,5.790761900000001,0.444,15.0,5205.76302,97.76213074,0.4191250000000001,43.686563016250005,3.839999914,63.67,37.198490140000004,218.75
210,El Salvador,2003,55.9886221,0.501,9.0,2725.12836,72.69349670000001,0.1056,21.96147919,6.260000229,60.56100000000001,20.69000053,245.33
211,El Salvador,2004,64.69337218,0.483,9.0,2735.8385129999997,72.69349670000001,0.1056,22.64764977,6.0500001910000005,61.107,25.58000183,158.05
212,El Salvador,2005,64.14277037,0.504,9.0,2796.7591190000003,73.66628265,0.1056,22.94932938,7.21999979,61.648,28.24750519,323.63
213,El Salvador,2006,64.59524344,0.474,9.0,2905.126477,70.94586182,0.1056,23.19761086,6.570000172,62.187,31.45352364,240.84
214,El Salvador,2007,57.27331836,0.47,9.0,2946.378573,70.0670166,0.1056,24.28710938,6.409999847000001,62.773999999999994,36.82207489,460.64
215,El Salvador,2008,51.84476188,0.4688568,9.0,3009.333658,70.40786743,0.13399,25.11510086,5.8800001139999996,63.678000000000004,35.89381409,324.49
216,El Salvador,2009,71.16318846,0.478,9.0,2934.151223,72.17697906,0.0909,25.60744095,7.329999924,64.57,34.60929489,321.96
217,El Salvador,2010,64.47411551,0.45399999999999996,9.0,2983.2297710000003,77.7057724,0.07806,26.11397934,4.889999866,65.452,34.21863556,342.84
218,El Salvador,2011,70.38004743,0.424,9.0,3083.739498,81.02259064,0.0355,27.18709946,4.3000001910000005,66.325,29.08108902,388.0
219,El Salvador,2012,41.58436095,0.43799999999999994,9.0,3156.624325,82.72879791,0.03397,28.02119064,3.839999914,67.187,27.19585609,263.92
220,El Salvador,2013,40.10484393,0.45299999999999996,12.0,3212.701442,80.70025635,0.06387000000000001,28.35207939,3.6900000569999998,68.036,22.38528061,297.79
221,El Salvador,2014,62.28630286,0.434,15.0,3252.594494,80.75428009,0.09377,27.86738968,4.150000095,68.874,20.41716766,280.855
222,El Salvador,2015,105.2311885,0.426,15.0,3314.7006539999998,83.07595062,0.14348,27.97005081,4.0,69.7,26.88007355,273.67
223,El Salvador,2016,83.00639209,0.42,15.0,3382.5223979999996,79.55857086,0.14515,27.91809082,4.420000076,70.501,23.648620604999998,277.26250000000005
224,El Salvador,2017,61.70825739,0.39899999999999997,15.0,3441.313278,77.84938812,0.18115,28.58629036,4.389999866,71.275,25.2643470775,275.46625000000006
225,Estonia,2003,10.7072308,0.374,9.0,12486.11263,100.281601,0.76777,64.39907837,11.28999996,68.98899999999999,29.61101532,174.28
226,Estonia,2004,6.673658118,0.341,9.0,13411.03955,100.281601,0.85193,66.18383789,10.25,68.862,24.00876236,174.28
227,Estonia,2005,8.335484823,0.331,9.0,14768.05675,104.53211209999999,0.92364,67.91280365,8.029999733,68.735,23.21995544,316.31
228,Estonia,2006,6.743872895,0.33399999999999996,9.0,16299.15478,107.08500670000001,1.11666,67.86591339,5.909999847000001,68.607,24.24593925,198.42
229,Estonia,2007,7.141289672,0.309,9.0,17613.753240000002,105.80855940000001,1.06884,67.67472839,4.590000153,68.479,26.50462914,257.365
230,Estonia,2008,6.4175895679999995,0.314,9.0,16762.28453,103.6180115,1.25952,66.44184113,5.4499998089999995,68.351,27.07877541,271.15
231,Estonia,2009,5.238971964,0.313,9.0,14370.5137,98.93314362,1.39541,66.63191986,13.55000019,68.223,23.51617432,326.64
232,Estonia,2010,5.254848912,0.319,9.0,14790.820919999998,97.65381622,1.58162,68.18450928,16.70999908,68.094,21.92749786,240.15
233,Estonia,2011,4.8956805789999995,0.325,9.0,15940.15839,97.51712799,2.30655,70.36908722,12.32999992,67.965,22.70588303,154.4
234,Estonia,2012,4.761318145,0.32899999999999996,9.0,16497.209130000003,100.7020035,2.12265,72.37506866,10.02000046,67.97399999999999,22.94582939,137.1
235,Estonia,2013,3.942177356,0.35600000000000004,9.0,16778.90063,104.8426819,1.72216,73.9212265,8.630000114,68.122,21.97943497,341.74
236,Estonia,2014,3.1148553530000003,0.348,9.0,17325.51861,105.2865372,1.42931,73.30776215,7.349999905,68.26899999999999,23.50032997,289.64
237,Estonia,2015,3.4211946810000002,0.327,9.0,17633.59174,107.41864009999999,1.46604,72.1676178,6.190000057000001,68.416,24.76089287,373.13
238,Estonia,2016,2.506633083,0.316,9.0,18190.421980000003,107.96253200000001,1.2468,71.39044952,6.760000229,68.563,24.13061142,483.3
239,Estonia,2017,2.197987099,0.306,9.0,19167.52114,104.5354385,1.28867,69.63503265,5.760000229,68.717,24.445752145,488.1
240,Finland,2003,1.9704976330000001,0.255,9.0,42706.72121,104.2698593,3.30214,86.94397736,10.47000027,82.63799999999999,13.12826157,425.53
241,Finland,2004,2.823255614,0.26,9.0,44282.85025,104.2698593,3.31494,89.51747131,10.35999966,82.772,13.33693314,192.66
242,Finland,2005,2.262816431,0.259,9.0,45358.34306,103.3986816,3.32976,91.67951965,8.380000114,82.905,13.34367657,188.41
243,Finland,2006,2.254859791,0.262,9.0,47004.37073,103.83427044999999,3.33762,93.15744781,7.71999979,83.037,11.39963627,190.535
244,Finland,2007,2.435000126,0.263,9.0,49285.17005,99.877388,3.34577,93.75906372,6.849999905,83.16799999999999,13.82069016,207.21
245,Finland,2008,2.500257545,0.259,9.0,49440.855189999995,101.855829225,3.5470800000000002,94.69184113,6.3699998860000004,83.29899999999999,16.23229599,485.08
246,Finland,2009,2.246237832,0.254,9.0,45231.9411,96.35220337,3.7488300000000003,91.29065704,8.25,83.429,15.99331379,455.39
247,Finland,2010,2.217756063,0.258,9.0,46459.97325,97.75357056,3.7259800000000003,93.44780731,8.390000342999999,83.77,16.88466072,478.71
248,Finland,2011,2.040802696,0.259,9.0,47423.27263,98.72907257,3.63881,94.91992950000001,7.78000021,84.31299999999999,17.90085793,362.56
249,Finland,2012,1.625184749,0.254,9.0,46538.54824,97.87515259,3.41948,92.87734985,7.690000057000001,84.84100000000001,19.086509699999997,188.82
250,Finland,2013,1.6363350209999998,0.256,9.0,45906.9198,98.66725922,3.2871900000000003,90.9941864,8.18999958,85.125,16.81335449,495.38
251,Finland,2014,1.611305505,0.252,9.0,45550.63234,98.16564941,3.16931,88.88166046,8.659999847,85.175,19.98093987,342.1
252,Finland,2015,1.4960424209999998,0.254,9.0,45647.66859,100.0937729,2.89157,87.67987061,9.380000114,85.225,18.50079727,195.34
253,Finland,2016,1.346013998,0.253,10.0,46796.33735,99.84461212,2.74264,86.97852325,8.819999695,85.275,19.24086857,268.72
254,Finland,2017,1.251956863,0.259,10.0,48213.382730000005,99.47028351,2.7569,88.1978302,8.640000342999999,85.325,18.870832919999998,232.03000000000003
255,France,2003,1.638131016,0.282,10.0,38985.53585,89.91944122,2.11994,52.31697845,8.31000042,76.632,42.48999786,163.17
256,France,2004,1.631026352,0.27699999999999997,10.0,39794.63551,89.91944122,2.09461,53.45763016,8.909999847,76.883,38.42000198,858.55
257,France,2005,1.596855295,0.273,10.0,40152.69286,89.91944122,2.05151,53.88233185,8.489999771,77.13,36.57733917,441.73
258,France,2006,1.4290609280000002,0.266,10.0,40850.35553,98.26522827,2.05094,53.87541962,8.449999809,77.377,31.64788818,410.74
259,France,2007,1.604998181,0.298,10.0,41582.7997,97.3445282,2.02451,52.94754028,7.659999847000001,77.62100000000001,27.50180054,198.18
260,France,2008,1.64123616,0.299,10.0,41456.48342,99.46753693,2.06117,52.47552109,7.059999942999999,77.868,25.59436035,169.35
261,France,2009,1.3095015140000001,0.298,10.0,40058.67976,97.72740173,2.21207,52.77310181,8.739999771,78.117,25.24681091,506.04
262,France,2010,1.265912669,0.308,10.0,40638.334,96.58065033,2.17857,54.8817215,8.869999886,78.369,25.93485641,175.84
263,France,2011,1.3539541609999999,0.305,10.0,41329.03536,97.19853973,2.19161,55.62572861,8.81000042,78.622,25.12695503,497.54
264,France,2012,1.2333982079999999,0.301,10.0,41258.274730000005,98.71588135,2.22707,57.90901184,9.399999618999999,78.878,24.71609688,336.69
265,France,2013,1.2160857440000001,0.292,10.0,41282.9908,97.29543304,2.23703,59.848758700000005,9.920000076,79.135,24.78121567,359.07
266,France,2014,1.233768813,0.292,10.0,41480.76961,97.22827148,2.27592,61.51047897,10.28999996,79.39399999999999,25.28896904,167.07
267,France,2015,1.570131652,0.293,10.0,41793.54471,96.09105682,2.26703,62.78593063,10.35000038,79.655,27.23237038,199.38
268,France,2016,1.3515270940000002,0.28800000000000003,10.0,42140.03688,98.45285034,2.22238,64.72767639,10.03999996,79.917,26.260669710000002,266.32
269,France,2017,1.27077123,0.285,10.0,43015.21064,99.64927673,2.2055700000000003,65.80223083,9.399999618999999,80.18,26.746520045,358.13
270,Georgia,2003,7.124439422000001,0.391,6.0,2069.081393,90.10459137,0.2176,45.85309982,11.51000023,52.83,45.72642517,263.2
271,Georgia,2004,7.051900807000001,0.36175359999999995,6.0,2202.571792,92.56154633,0.2442,45.78385162,12.61999989,53.218,58.70090103,263.2
272,Georgia,2005,9.572087318,0.3737948,9.0,2429.1724719999997,106.13596340000001,0.17658,51.37931061,13.81000042,53.605,55.98206329,259.92
273,Georgia,2006,7.709342052,0.4,9.0,2673.1482739999997,107.4204025,0.21039,42.73038101,13.56999969,53.992,34.90041351,289.31
274,Georgia,2007,7.919632528999999,0.42,9.0,3025.141816,106.38275149999998,0.193485,41.81056976,13.27999973,54.379,24.5406189,274.615
275,Georgia,2008,6.348596357000001,0.43,9.0,3107.733714,97.42311096,0.2019375,38.87020874,17.87000084,54.765,14.18082428,315.51
276,Georgia,2009,5.0977184069999995,0.43,9.0,3020.998723,93.15206909,0.19771125,28.88170052,20.70999908,55.15,14.49220753,301.05
277,Georgia,2010,4.561981471,0.44,9.0,3233.295943,99.6313324,0.199824375,32.58370972,20.20000076,55.535,11.61965847,180.14
278,Georgia,2011,4.829849939,0.46,9.0,3500.527489,96.39170074500001,0.1987678125,34.78549957,19.62999916,55.919,6.2743635179999995,331.96
279,Georgia,2012,4.695915705,0.44,9.0,3751.003471,103.4142532,0.19929609375000001,32.24253082,19.64999962,56.303000000000004,4.455010414,399.16
280,Georgia,2013,4.762882822,0.395,9.0,3898.554685,104.99958799999999,0.08367000000000001,37.91400146,19.42000008,56.685,16.00131989,465.42
281,Georgia,2014,2.676374306,0.44,9.0,4069.424495,97.99928284,0.1849,42.28091812,17.44000053,57.067,14.52950287,310.13
282,Georgia,2015,3.7196285639999997,0.43,9.0,4185.813871,101.77565,0.31982,46.48112869,16.51000023,57.448,13.5446682,193.24
283,Georgia,2016,0.9712468590000001,0.43,9.0,4304.896176,103.38188170000001,0.30104000000000003,51.83005142,16.60000038,57.836999999999996,14.037085535,203.82
284,Georgia,2017,2.3454377115,0.45,9.0,4512.761095000001,103.32939909999999,0.29104,56.811279299999995,13.93999958,58.231,13.7908768675,208.52
285,Greece,2003,1.087452677,0.33,9.0,26349.27726,90.08999634,0.5465399999999999,70.00507355,9.409999847,73.689,29.45221138,291.32
286,Greece,2004,0.987984594,0.332,9.0,27614.40591,90.08999634,0.5273,76.22245026,10.31000042,74.07300000000001,28.44530869,291.32
287,Greece,2005,1.175967501,0.34299999999999997,9.0,27698.51061,90.08999634,0.57896,85.31207275,9.989999771,74.452,31.15214729,451.22
288,Greece,2006,0.98343968,0.34299999999999997,9.0,29176.39283,86.49993134,0.56118,90.0983429,9.010000229,74.827,29.55641174,371.27
289,Greece,2007,1.169025746,0.33399999999999996,9.0,30054.889339999998,95.09723663,0.57655,87.39504242,8.399999618999999,75.199,26.14856148,411.245
290,Greece,2008,1.304310965,0.331,10.0,29874.743430000002,90.798583985,0.66183,88.74669266000001,7.760000229,75.568,27.41990471,199.39
291,Greece,2009,1.386953946,0.32899999999999996,10.0,28514.81,92.9479103075,0.62557,88.07086754,9.619999886,75.932,31.15980339,452.75
292,Greece,2010,1.616511935,0.335,10.0,26917.75895,98.71601868,0.59838,103.79627990000002,12.71000004,76.292,32.79617691,241.48
293,Greece,2011,1.699129584,0.34299999999999997,10.0,24495.71111,95.45001221,0.67196,109.15926359999999,17.86000061,76.649,34.08927155,335.41
294,Greece,2012,1.539728854,0.344,10.0,22830.526719999998,95.72358704,0.69957,113.74060060000001,24.44000053,77.00399999999999,34.66933823,312.87
295,Greece,2013,1.424514555,0.345,10.0,22251.25731,92.64518738,0.8113100000000001,116.37682340000002,27.46999931,77.355,22.53998184,157.51
296,Greece,2014,0.99986357,0.342,10.0,22565.68044,89.20694733,0.8333,122.40200039999999,26.48999977,77.702,20.93575096,273.28
297,Greece,2015,0.8724417870000001,0.34299999999999997,10.0,22615.39456,94.03723907,0.96121,119.3894119,24.89999962,78.046,26.31741524,215.39499999999998
298,Greece,2016,0.791319377,0.33399999999999996,10.0,22666.2862,92.53220367,0.9939399999999999,131.540863,23.54000092,78.387,23.626583099999998,114.01
299,Greece,2017,0.813665878,0.32299999999999995,10.0,23052.98621,94.79083252,1.13109,136.6025696,21.48999977,78.72399999999999,24.971999169999997,116.43
300,Guatemala,2003,33.89470116,0.51421334,16.0,2612.687815,40.04302979,0.035,17.31848907,2.8099999430000002,46.318000000000005,44.70000076,158.38
301,Guatemala,2004,35.21939566,0.47684872,16.0,2638.3504190000003,40.04302979,0.035,17.31848907,2.970000029,46.61600000000001,46.07900238,158.38
302,Guatemala,2005,40.76045042,0.49553103,16.0,2668.357603,41.55612946,0.035,17.31848907,2.8899999860000003,46.913000000000004,46.98678207,375.89
303,Guatemala,2006,43.92767288,0.5579999999999999,16.0,2755.5069399999998,45.36431885,0.0493,17.31848907,1.899999976,47.21,47.45999908,338.88
304,Guatemala,2007,42.19607621,0.5267655149999999,16.0,2871.9034829999996,47.09555054,0.06674,17.31848907,2.3949999810000002,47.508,47.90299988,442.03
305,Guatemala,2008,44.92225708,0.5423827575,16.0,2909.5097149999997,49.17168045,0.06188,17.31848907,2.1474999785,47.806999999999995,48.26499939,390.455
306,Guatemala,2009,45.38897788,0.5345741362499999,16.0,2870.311589,51.18574142,0.0553,17.31848907,2.2712499797500003,48.104,48.57200241,416.24249999999995
307,Guatemala,2010,40.73703968,0.546,16.0,2898.942215,55.63240051,0.0435,17.31848907,3.5,48.403,48.79799271,403.34875
308,Guatemala,2011,38.00307075,0.5031,16.0,2965.153206,59.09265137,0.048139999999999995,17.31848907,4.1300001139999996,48.701,48.78119659,409.795625
309,Guatemala,2012,33.75729351,0.5245500000000001,16.0,2999.422763,58.74863815,0.04471,17.31848907,2.75999999,49.0,48.764404299999995,406.5721875
310,Guatemala,2013,33.68209984,0.513825,16.0,3056.152684,56.77069092,0.03854,19.59235001,3.0199999810000002,49.31100000000001,50.25097656,272.29
311,Guatemala,2014,31.38808828,0.535,16.0,3137.260291,58.4344101,0.02905,18.18087959,2.720000029,49.63399999999999,49.64500046,305.08
312,Guatemala,2015,29.39868973,0.5244125,16.0,3210.86967,61.69871902,0.02988,21.78329086,2.50999999,49.971000000000004,49.79999924,263.68
313,Guatemala,2016,27.25669943,0.52970625,16.0,3242.636929,62.63901901,0.02224,19.982085225,2.579999924,50.318999999999996,49.72249985,182.01
314,Guatemala,2017,26.07156651,0.527059375,16.0,3286.741283,56.93645096,0.027999999999999997,20.8826880425,2.460000038,50.68,49.761249545,187.87
315,Iceland,2003,1.0305666059999998,0.24100000000000002,10.0,38928.988769999996,100.65406800000001,2.70912,62.39247894,4.0,92.789,7.339449406,332.35
316,Iceland,2004,1.0305666059999998,0.251,10.0,41692.09632,111.9232635,2.70912,68.21237946,4.03000021,92.914,7.826086997999999,365.73
317,Iceland,2005,1.017031894,0.263,10.0,43635.01545,106.09928889999999,2.68614,69.88067627,2.549999952,93.037,15.12605095,386.11
318,Iceland,2006,1.02379925,0.28,10.0,44859.83257,108.17111969999999,2.8939,72.12460327,2.8299999239999996,93.15899999999999,15.12605095,372.39
319,Iceland,2007,0.6553487929999999,0.273,10.0,47835.38263,97.56732941,2.54913,71.11840057,2.25,93.27799999999999,10.43478203,364.97
320,Iceland,2008,0.8395740214999999,0.29600000000000004,10.0,47889.38495,96.80584717,2.48745,73.74511719,2.950000048,93.395,10.0,366.92
321,Iceland,2009,0.31639862399999996,0.257,10.0,44491.73451,96.37294769,2.59511,74.4150238,7.21999979,93.51100000000001,16.89189148,472.09
322,Iceland,2010,0.6243327439999999,0.23600000000000002,10.0,43024.92349,93.53099823,2.54128,78.8184433,7.559999942999999,93.574,7.784431457999999,337.01
323,Iceland,2011,0.9274401720000001,0.24,10.0,43700.79298,92.93816376,2.41367,81.4707489,7.03000021,93.587,8.0,369.31
324,Iceland,2012,0.307085695,0.24,10.0,44032.425189999994,96.73960876,2.477475,81.95588684,6.0,93.6,16.99346542,438.72
325,Iceland,2013,0.305629076,0.22699999999999998,10.0,45420.99102,96.65989685,1.7020400000000002,80.29685211,5.3800001139999996,93.633,8.552631378,320.22
326,Iceland,2014,0.608657545,0.247,10.0,45853.96343,99.09365845,1.9481099999999998,81.43798065,4.900000095,93.667,12.19999981,379.47
327,Iceland,2015,0.908438485,0.24100000000000002,10.0,47533.699239999994,99.00920105,2.20315,75.76605988,3.9800000189999998,93.7,15.5,254.75
328,Iceland,2016,0.301015325,0.252,10.0,49985.10309,102.50354,2.11766,73.60044098,2.9800000189999998,93.735,13.849999905,671.87
329,Iceland,2017,0.897142601,0.23199999999999998,10.0,51045.94005,98.93515778,2.1044400000000003,71.84500885,2.74000001,93.773,14.6749999525,671.09
330,Ireland,2003,0.9296302559999999,0.311,10.0,48236.96276,98.32364655,1.1245100000000001,55.84616852,4.480000018999999,59.925,17.16140938,423.81
331,Ireland,2004,0.739256569,0.317,10.0,50546.49119,97.86054993,1.17866,58.92190933,4.489999771,60.202,14.35800171,314.48
332,Ireland,2005,1.255669226,0.32299999999999995,10.0,52276.24467,99.32318115,1.19281,58.86931992,4.340000153,60.477,15.8173399,458.49
333,Ireland,2006,1.4655065840000001,0.324,10.0,53466.06632,98.51204681,1.19836,58.44118118,4.409999847,60.738,17.30519485,444.31
334,Ireland,2007,1.8036145819999998,0.317,10.0,54708.07084,98.52217865,1.23325,58.30199051,4.980000018999999,60.94,18.59821701,199.53
335,Ireland,2008,1.1549250420000001,0.306,10.0,51202.359489999995,97.79070282,1.3876600000000001,54.01747131,6.769999981000001,61.141000000000005,17.13547707,415.38
336,Ireland,2009,1.179200155,0.293,10.0,48110.55176,98.67719269,1.6082,56.50397873,12.60999966,61.342,14.45191383,291.82
337,Ireland,2010,1.207641958,0.314,10.0,48715.17691,99.9087677,1.59153,63.12643814,14.52999973,61.542,14.682723999999999,342.31
338,Ireland,2011,0.914810455,0.311,10.0,48669.785910000006,100.3377838,1.5605799999999999,67.79859161,15.35000038,61.742,14.37381363,317.065
339,Ireland,2012,1.12842349,0.317,10.0,48573.37744,100.12327575,1.5611899999999999,68.19725037,15.44999981,61.942,11.61651516,158.14
340,Ireland,2013,1.104990092,0.318,10.0,48971.3698,100.23052977500001,1.5658,71.69954681,13.72999954,62.141000000000005,15.01956844,349.08
341,Ireland,2014,1.123874289,0.321,10.0,52774.50138,100.8499298,1.5230700000000001,73.81323242,11.85999966,62.34,11.62298107,171.57
342,Ireland,2015,0.666319894,0.308,10.0,65432.73472000001,98.85193634,1.18267,77.23214722,9.909999847,62.538000000000004,15.81890869,441.7
343,Ireland,2016,0.787939835,0.307,10.0,67077.74389,99.40218353,1.1689200000000002,77.55713654,8.369999886,62.736999999999995,13.720944880000001,220.15
344,Ireland,2017,0.8625620909999999,0.315,10.0,71755.96738999999,100.1121979,1.1757950000000001,77.78061676,6.7100000379999996,62.946999999999996,14.769926785000001,219.71
345,Israel,2003,2.723635132,0.3644,11.0,26360.08976,100.7847672,3.8978699999999997,57.40143967,13.51000023,91.39299999999999,22.39123344,298.33
346,Israel,2004,2.485730111,0.3644,11.0,26982.30625,105.1709518,3.8773199999999997,57.13031006,13.02999973,91.456,25.27859879,298.33
347,Israel,2005,2.5882652040000003,0.3644,11.0,27547.82541,101.8271027,4.0515300000000005,58.74306107,11.34000015,91.51799999999999,19.83182907,298.33
348,Israel,2006,2.290199399,0.3644,11.0,28571.13325,98.31723785,4.14236,58.33285141,10.71000004,91.58,27.56463051,194.01
349,Israel,2007,1.971623806,0.3639,11.0,29688.671339999997,101.16845699999999,4.42769,61.21480179,9.380000114,91.641,36.48457718,440.45
350,Israel,2008,1.7091991380000002,0.371,11.0,30039.83704,97.06613159,4.3451699999999995,60.42398834,7.6999998089999995,91.70200000000001,35.845695500000005,326.93
351,Israel,2009,2.002771335,0.373,13.0,29601.42505,95.44660187,4.13326,63.14921188,9.529999733,91.76299999999999,28.74450111,383.69
352,Israel,2010,2.041803615,0.3612,13.0,30693.593060000003,99.32250977,3.9398400000000002,65.92613983,8.479999542,91.82600000000001,21.64330673,355.44
353,Israel,2011,1.96337832,0.377,13.0,31572.903430000002,97.16394043,4.0115099999999995,66.58563232,7.139999866,91.89200000000001,23.07692337,318.63
354,Israel,2012,1.680904894,0.3512,13.0,31695.006419999998,99.23238373,4.15735,68.57462311,6.860000134,91.96,25.22300529,487.85
355,Israel,2013,1.641922761,0.36,13.0,32399.465160000003,102.1725998,4.09218,67.0438385,6.2100000379999996,92.031,28.678131099999998,403.24
356,Israel,2014,1.375057676,0.3625,13.0,32977.96084,101.0195313,4.16793,66.94252014,5.889999866,92.104,25.23458862,499.86
357,Israel,2015,1.378705962,0.36,13.0,33071.4121,106.78382109999998,4.25592,65.4868927,5.25,92.179,23.0,136.36
358,Israel,2016,1.282528119,0.3719,15.0,33720.76448,102.5685272,4.50574,64.90019989,4.8000001910000005,92.256,24.11729431,318.11
359,Israel,2017,1.492021506,0.344,15.0,34243.01258,102.7053986,4.81602,63.35469055,4.21999979,92.336,23.558647155,227.235
360,Italy,2003,1.249031762,0.32899999999999996,12.0,36942.93938,102.3036728,1.06198,58.67721939,8.869999886,67.501,37.84663391,455.87
361,Italy,2004,1.232130208,0.35100000000000003,12.0,37227.147939999995,103.7757187,1.05312,62.24298096,7.8699998860000004,67.62,36.38472366,336.49
362,Italy,2005,1.04664953,0.321,12.0,37347.635930000004,103.6851883,1.0470899999999999,64.43843079,7.730000018999999,67.738,37.09012604,463.29
363,Italy,2006,1.067598291,0.337,12.0,37902.307089999995,104.8575516,1.08696,66.10780334,6.78000021,67.85600000000001,55.64909744,146.96
364,Italy,2007,1.074081641,0.312,12.0,38272.2041,101.7800064,1.1327,66.68296814,6.079999924,67.97399999999999,56.71971893,258.34
365,Italy,2008,1.043750703,0.327,12.0,37653.748,99.28079224,1.16367,66.34359741,6.71999979,68.092,50.760746000000005,263.19
366,Italy,2009,0.9982129959999999,0.317,12.0,35503.15103,99.49027252,1.22126,66.54997253,7.75,68.209,45.85048294,260.765
367,Italy,2010,0.891694785,0.325,12.0,36000.52012,100.7726135,1.2231100000000001,65.77429962,8.359999657000001,68.327,21.84571838,251.62
368,Italy,2011,0.926344378,0.324,12.0,36192.86638,103.97073359999999,1.20984,65.56311798,8.359999657000001,68.444,21.54262733,287.52
369,Italy,2012,0.8851113890000001,0.32799999999999996,12.0,35019.47189,103.02089690000001,1.2708700000000002,64.13355255,10.64999962,68.684,20.18568802,269.57
370,Italy,2013,0.8343467929999999,0.324,12.0,33978.55177,103.28415679999999,1.30768,62.29616165,12.14999962,68.979,18.88861084,185.15
371,Italy,2014,0.78629858,0.324,12.0,33666.69191,103.7293167,1.34301,61.70275116,12.68000031,69.27199999999999,18.88208961,187.02
372,Italy,2015,0.774202209,0.331,12.0,33961.43619,99.97075653,1.34115,60.93946075,11.89999962,69.565,17.54914856,410.04
373,Italy,2016,0.659379773,0.327,12.0,34459.20572,98.88941193,1.37124,60.93732834,11.68999958,69.855,18.215619085,504.54
374,Italy,2017,0.611467632,0.33399999999999996,12.0,35086.4783,98.97453308,1.37744,61.93299866,11.21000004,70.14399999999999,17.8823838225,506.26
375,Kazakhstan,2003,13.18539117,0.315,9.0,6107.70885,94.51477814,0.25246,58.19260025,8.779999733,56.317,15.10999966,317.24
376,Kazakhstan,2004,13.71146102,0.305,9.0,6647.692572,96.04164124,0.24836999999999998,58.19260025,8.399999618999999,56.39,15.52000046,268.72
377,Kazakhstan,2005,13.448426095,0.304,9.0,7227.982948999999,94.99085999,0.28361,58.19260025,8.130000114,56.463,15.56807041,276.13
378,Kazakhstan,2006,13.5799435575,0.312,9.0,7917.194825,95.72866821,0.24281,58.19260025,7.7899999620000004,56.536,16.11438751,481.65
379,Kazakhstan,2007,13.51418482625,0.309,9.0,8523.766205,95.41655731,0.20884,58.19260025,7.260000229,56.608999999999995,16.39259911,485.46
380,Kazakhstan,2008,11.39191556,0.28800000000000003,9.0,8641.670034,95.56479645,0.21654,58.19260025,6.6300001139999996,56.681999999999995,16.67080879,498.54
381,Kazakhstan,2009,11.03907214,0.267,9.0,8573.708294,101.3132477,0.22924,58.19260025,6.5500001910000005,56.755,16.43330956,480.18
382,Kazakhstan,2010,8.534190879,0.278,9.0,9070.488253,101.7517166,0.15341,46.24797058,5.769999981000001,56.827,15.4207468,258.98
383,Kazakhstan,2011,8.610930218,0.29,9.0,9603.244075,98.33863068,0.15349000000000002,48.70264816,5.389999866,56.9,15.45920086,230.11
384,Kazakhstan,2012,7.557521785,0.284,9.0,9923.421617,97.16124725,0.16525,51.60951996,5.289999962,56.973,15.44722652,215.39
385,Kazakhstan,2013,6.578128966,0.276,9.0,10368.49869,103.0393677,0.17132,50.44258881,5.1999998089999995,57.04600000000001,15.77095127,222.75
386,Kazakhstan,2014,5.2246425819999995,0.278,9.0,10646.034459999999,105.7636795,0.16722,48.80432129,5.059999943,57.118,15.27302074,219.07
387,Kazakhstan,2015,4.854310918,0.278,9.0,10617.47466,109.13784790000001,0.16951,46.37350845,4.929999828,57.191,13.83150482,213.97
388,Kazakhstan,2016,5.03947675,0.278,9.0,10582.70087,116.6813889,0.14179,46.61611938,4.960000038,57.263999999999996,14.55226278,207.02
389,Kazakhstan,2017,5.06083427,0.287,9.0,10867.73874,110.86074070000001,0.12972,50.1461792,4.900000095,57.336000000000006,14.1918838,200.85
390,Lithuania,2003,10.07507395,0.325,10.0,8934.259038,96.52514648,0.6633899999999999,69.63041687,12.86999989,66.737,16.8919754,463.7
391,Lithuania,2004,10.14452548,0.363,10.0,9628.719101,96.52514648,0.75066,74.90138245,10.68000031,66.646,15.80307674,463.7
392,Lithuania,2005,11.12354037,0.35,10.0,10543.54796,96.52514648,0.74741,79.72981262,8.319999695,66.635,13.85031319,237.62
393,Lithuania,2006,8.718477633,0.33799999999999997,10.0,11507.50417,96.52514648,0.79119,82.45317841,5.78000021,66.706,12.34063625,410.85
394,Lithuania,2007,8.499581465,0.345,10.0,12938.4911,96.52514648,0.80093,82.51583099,4.25,66.777,12.140859599999999,324.235
395,Lithuania,2008,9.275204981,0.359,10.0,13414.01182,96.52514648,0.7884399999999999,85.74508667,5.829999924,66.848,12.22499943,367.5425
396,Lithuania,2009,7.956378837000001,0.37,10.0,11551.106940000001,96.52514648,0.82967,89.25216675,13.78999996,66.842,13.95724964,278.45
397,Lithuania,2010,7.010635999,0.33,10.0,11990.66302,96.52514648,0.7834800000000001,86.5725708,17.80999947,66.757,13.08677006,337.26
398,Lithuania,2011,6.843090846,0.32,10.0,13005.206090000001,103.04325870000001,0.9039,84.05558777,15.39000034,66.741,13.57862949,192.53
399,Lithuania,2012,6.6326039770000005,0.34600000000000003,10.0,13687.459519999999,102.89739229999999,0.89469,79.75163269,13.35999966,66.86399999999999,12.11840916,264.895
400,Lithuania,2013,6.58039481,0.35,10.0,14317.53814,106.44390870000001,0.95088,73.53320313,11.77000046,66.986,12.0721302,228.71249999999998
401,Lithuania,2014,5.350836514,0.379,10.0,14951.960809999999,100.8206787,1.0304799999999998,70.40061188,10.69999981,67.108,10.050949099999999,357.93
402,Lithuania,2015,5.866558977,0.37,10.0,15398.86191,101.01956940000001,1.04095,69.74053955,9.119999886,67.23,9.68048954,293.32124999999996
403,Lithuania,2016,5.294932956999999,0.376,10.0,15988.61387,101.32277679999999,0.84329,71.11852264,7.860000134,67.366,9.86571932,486.44
404,Lithuania,2017,4.53360296,0.369,10.0,16908.1265,97.99810028,0.8980799999999999,72.41745758,7.070000172,67.516,9.77310443,473.75
405,Luxembourg,2003,0.6706653220000001,0.265,11.0,97678.45996000001,97.5531311,1.62595,12.18661976,3.680000067,85.743,42.91999817,517.37
406,Luxembourg,2004,0.442652195,0.265,11.0,99778.47008,97.5531311,1.6026200000000002,12.18661976,5.110000134,86.177,43.13000107,517.37
407,Luxembourg,2005,0.8736523909999999,0.278,11.0,101380.7749,97.5531311,1.57171,12.18661976,4.489999771,86.598,40.40404129,517.37
408,Luxembourg,2006,1.5034009080000001,0.27399999999999997,11.0,104943.4393,97.5531311,1.66674,10.33119965,4.730000018999999,87.009,47.89115906,517.37
409,Luxembourg,2007,1.473941763,0.27699999999999997,11.0,111968.3493,96.21621704,1.59123,11.258909705,4.070000172,87.40899999999999,44.39945984,157.27
410,Luxembourg,2008,1.6481150709999999,0.292,11.0,108577.3513,94.97779083,1.62293,10.60733986,5.059999943,87.8,43.96325302,157.3
411,Luxembourg,2009,1.006976332,0.27899999999999997,12.0,101939.61300000001,95.597003935,1.6775,10.9331247825,5.1199998860000004,88.178,43.87464523,158.17
412,Luxembourg,2010,1.96893028,0.272,12.0,104965.3061,102.0046387,1.5025700000000002,18.2652092,4.360000134,88.54700000000001,46.69603348,359.79
413,Luxembourg,2011,0.770249869,0.28,12.0,105264.7494,103.42186740000001,1.4627700000000001,14.599166991250002,4.900000095,88.906,41.44426727,382.17
414,Luxembourg,2012,1.3695900745,0.304,12.0,102404.6121,109.64273829999999,1.27267,19.43219948,5.139999866,89.249,42.94294357,370.98
415,Luxembourg,2013,0.18431345100000002,0.287,12.0,103721.7481,99.05397034,1.30266,17.015683235625,5.849999905,89.574,40.70121765,376.57500000000005
416,Luxembourg,2014,0.7213549929999999,0.285,12.0,105658.5207,97.01216888,1.26404,18.2239413578125,5.849999905,89.884,48.56230164,373.77750000000003
417,Luxembourg,2015,0.882237212,0.29600000000000004,12.0,107638.2123,97.20722198,1.28405,19.77630997,6.670000076,90.179,45.44138718,375.17625000000004
418,Luxembourg,2016,0.8631613109999999,0.292,12.0,110162.1216,98.72927094,1.29524,19.56393051,6.2899999620000004,90.46,47.001844410000004,374.47687500000006
419,Luxembourg,2017,0.33788692299999995,0.313,12.0,109452.96,95.33415222,1.3032700000000002,19.15176964,5.519999981000001,90.727,46.221615795000005,374.8265625
420,Malta,2003,1.737748871,0.27,11.0,18818.47403,93.54055023,0.23706999999999998,30.51888084,7.489999771,93.16,28.77697945,351.07
421,Malta,2004,1.737748871,0.27,11.0,18718.727,96.31890869,0.49256000000000005,26.88837051,7.320000172,93.40700000000001,29.19463158,362.33
422,Malta,2005,0.988486602,0.271,11.0,19229.12762,97.54386139,0.52996,32.34326935,6.920000076,93.645,25.51020432,135.13
423,Malta,2006,1.3631177365,0.263,11.0,19640.11945,99.66507721,0.58025,30.63241959,6.8000001910000005,93.78399999999999,23.46666527,291.95
424,Malta,2007,0.9807431090000001,0.281,11.0,20506.23598,98.68327332,0.5485,33.60277176,6.46999979,93.85700000000001,25.70614243,161.2
425,Malta,2008,1.4652265119999999,0.27399999999999997,11.0,21152.79766,96.94891357,0.5333100000000001,32.41836929,5.980000018999999,93.929,27.94561958,318.03
426,Malta,2009,0.971914112,0.28600000000000003,11.0,20755.8803,93.92540741,0.5174,35.51165009,6.889999866,94.001,36.03238678,334.74
427,Malta,2010,0.965584166,0.272,11.0,21799.17439,100.03801729999999,0.6066699999999999,37.38576126,6.849999905,94.072,39.89725876,326.385
428,Malta,2011,0.71818443,0.271,11.0,21808.38919,101.1575394,0.6738,39.999298100000004,6.3800001139999996,94.141,34.76027679,312.93
429,Malta,2012,2.844889512,0.28,11.0,22503.13188,103.4349518,0.8261799999999999,42.47919846,6.1999998089999995,94.211,29.05982971,388.86
430,Malta,2013,1.642637231,0.27699999999999997,11.0,23403.88831,97.87516785,0.7723800000000001,43.89136887,6.110000134,94.279,31.86991882,435.88
431,Malta,2014,1.39473256,0.281,11.0,24692.43053,101.234848,0.71197,44.33583832,5.71999979,94.34700000000001,23.75215149,331.15
432,Malta,2015,0.922596463,0.28600000000000003,11.0,26426.68177,95.36203766,0.74085,47.12258148,5.3800001139999996,94.414,22.12389374,319.94
433,Malta,2016,1.146528655,0.282,11.0,26833.7949,100.4433517,0.5674899999999999,48.60340881,4.690000057,94.48,22.938022615,684.43
434,Malta,2017,2.055099501,0.287,11.0,28201.52271,107.20948030000001,0.58275,54.25991821,4.0,94.546,22.5309581775,690.82
435,Mauritius,2003,3.225827797,0.3565342,6.0,6162.115607,78.05081940000001,0.32604,16.55583954,5.900000095,42.335,38.15738678,343.73
436,Mauritius,2004,2.879075537,0.3565342,11.0,6388.746469,76.99211884,0.36818,17.82485962,8.340000153,42.223,34.99222565,343.73
437,Mauritius,2005,3.0277984630000003,0.3565342,11.0,6463.922791,80.51870728,0.36053,21.35362053,9.520000458,42.111999999999995,34.55045319,343.73
438,Mauritius,2006,4.071366163,0.3565342,11.0,6746.886623,77.9047699,0.364355,23.598939899999998,9.039999962000001,42.0,22.60947227,153.21
439,Mauritius,2007,3.6470025689999996,0.38799999999999996,11.0,7100.861823,78.34938049,0.3624425,24.63669014,8.479999542,41.888999999999996,28.87323761,339.13
440,Mauritius,2008,3.873272964,0.37226709999999996,11.0,7456.369245999999,83.9018631,0.36339875,27.31846046,7.170000076,41.777,30.04545593,564.53
441,Mauritius,2009,3.054672202,0.38013354999999993,11.0,7683.124925,84.05705261,0.362920625,32.1644783,7.260000229,41.666000000000004,32.00503159,441.02
442,Mauritius,2010,2.644330355,0.37620032499999995,11.0,8000.376431999999,81.94317627,0.3631596875,33.69147873,7.650000095,41.555,35.19804001,319.79
443,Mauritius,2011,2.557802336,0.37816693749999997,11.0,8313.271254000001,84.68097687,0.36304015624999997,35.39315033,7.4499998089999995,41.443999999999996,36.5853653,432.27
444,Mauritius,2012,2.233765115,0.384654,11.0,8580.085648999999,82.34026337,0.17773,38.90373993,7.46999979,41.332,35.688407899999994,325.79
445,Mauritius,2013,2.787827231,0.38141046874999995,11.0,8848.887031999999,84.594841,0.270385078125,40.04367828,7.320000172,41.222,39.50431824,951.98
446,Mauritius,2014,1.511113444,0.383032234375,11.0,9163.633473,85.88204956,0.2240575390625,39.12630844,7.46999979,41.111000000000004,38.80000305,876.26
447,Mauritius,2015,1.66738523,0.3822213515625,11.0,9476.665389,84.16783142,0.24722130859375002,37.41527939,7.409999847000001,41.0,38.79000092,842.75
448,Mauritius,2016,1.6641967869999998,0.38262679296875,11.0,9833.613131999999,88.49002838,0.23563942382812503,38.84852982,6.809999942999999,40.91,38.795001985,363.86
449,Mauritius,2017,2.609733356,0.36761209999999994,11.0,10199.47936,84.17671204,0.36635999999999996,40.59603882,6.75,40.841,38.7925014525,369.43
450,Mexico,2003,9.785506585,0.505,11.0,8967.029190000001,77.86756134,0.39314,22.88397026,3.460000038,75.682,43.17425156,176.41
451,Mexico,2004,8.925997121,0.505,11.0,9190.741592,80.13591003,0.38816,23.66081047,3.9400000569999998,75.997,41.03277588,368.73
452,Mexico,2005,9.358974931,0.528,11.0,9270.656542,82.11016846,0.39844,24.21640015,3.5599999430000002,76.308,42.17753601,146.71
453,Mexico,2006,9.717353048,0.5,11.0,9547.333571,81.82424164,0.36922,24.79043007,3.569999933,76.616,42.49768066,257.72
454,Mexico,2007,8.122157319,0.514,11.0,9622.047956999999,82.30123901,0.39833,25.42106056,3.6300001139999996,76.92,41.05421066,372.74
455,Mexico,2008,12.63905213,0.513,11.0,9587.636339,82.37143707,0.44387,26.11203003,3.8699998860000004,77.222,36.27351379,334.72
456,Mexico,2009,17.60831917,0.5135000000000001,11.0,8947.741473999999,84.53265381,0.47953999999999997,26.58672905,5.360000134,77.52,31.49281502,376.83
457,Mexico,2010,22.57545056,0.51,11.0,9271.398233,85.08161926,0.49485,27.56347084,5.3000001910000005,77.815,34.19444275,342.14
458,Mexico,2011,23.52123248,0.51175,11.0,9477.887185,85.3558197,0.47129,28.34149933,5.170000076,78.111,34.93904114,359.485
459,Mexico,2012,22.14213334,0.499,14.0,9690.869065,85.37721252,0.42096000000000006,29.4718399,4.889999866,78.405,37.4733429,450.71
460,Mexico,2013,19.40886275,0.505375,14.0,9693.722969,86.93408966,0.42503,30.30003929,4.909999847,78.699,35.53277969,322.54
461,Mexico,2014,16.62579637,0.502,14.0,9843.398439,87.26725769,0.43549,31.0941391,4.809999943,78.993,48.62753677,386.625
462,Mexico,2015,17.03782865,0.5036875000000001,14.0,10042.13896,92.96433258,0.42986,31.819040299999998,4.309999943,79.285,44.7468605,162.39
463,Mexico,2016,19.91269533,0.504,14.0,10183.03307,96.01551819,0.38800999999999997,38.43338013,3.859999895,79.577,46.687198635,274.5075
464,Mexico,2017,25.7089978,0.50384375,14.0,10277.88352,97.19029999,0.32829,40.22895813,3.4200000760000004,79.867,45.7170295675,218.44875
465,Morocco,2003,1.71239293,0.407183,9.0,2235.418678,40.24610138,0.63071,10.87427998,11.92000008,54.317,64.83000183,360.72
466,Morocco,2004,1.5606738869999999,0.407183,9.0,2315.186662,41.84627151,0.63071,11.05185986,10.82999992,54.644,58.65999985,259.54
467,Morocco,2005,1.5399485469999998,0.407183,9.0,2363.444676,41.046186445000004,0.63071,11.78689003,11.01000023,55.174,55.7713089,158.56
468,Morocco,2006,1.616637,0.407183,9.0,2512.862411,46.96326065,0.6078899999999999,12.41674042,9.670000076,55.746,51.57482147,209.05
469,Morocco,2007,1.65898304,0.40700000000000003,9.0,2571.26444,51.2342186,0.6193,11.9726696,9.56000042,56.317,47.37833786,332.94
470,Morocco,2008,1.3508025719999999,0.40709150000000005,9.0,2691.267812,54.09896851,0.6135949999999999,13.14554024,9.569999695,56.886,48.92589569,270.995
471,Morocco,2009,1.352998287,0.40704575000000004,9.0,2771.046755,59.32345963,0.6164474999999999,13.6779604,8.960000037999999,57.452,51.00498962,251.34
472,Morocco,2010,1.394411914,0.4070686250000001,9.0,2839.9251679999998,59.96781921,0.71454,14.567640300000003,9.090000153,58.018,46.96425629,318.6
473,Morocco,2011,1.345256187,0.4070571875000001,9.0,2948.8454899999997,61.53364944,0.66549375,16.37496948,8.909999847,58.581,46.56383896,329.69
474,Morocco,2012,1.152160445,0.4070629062500001,9.0,2995.452357,63.30104065,0.690016875,19.45047951,8.989999771,59.141999999999996,46.16342545,324.145
475,Morocco,2013,1.2724040620000001,0.3954851,9.0,3087.123497,65.83206177,0.6777553125,22.64127922,9.229999542,59.7,43.11922836,326.9175
476,Morocco,2014,1.038243692,0.38799999999999996,9.0,3125.0794809999998,68.49060059,0.68388609375,25.33263016,9.699999809,60.256,42.46273804,153.45
477,Morocco,2015,1.243378935,0.39174254999999997,9.0,3222.0541780000003,70.65762329,0.680820703125,28.40354919,9.460000037999999,60.809,41.01081848,376.4
478,Morocco,2016,1.6910418680000001,0.38987127499999996,9.0,3212.815395,67.97007751,0.6823533984375,31.9865799,9.300000191,61.36,41.736778259999994,220.36
479,Morocco,2017,2.1387664859999997,0.3908069125,9.0,3305.4192199999998,65.01004028,0.68158705078125,33.78467941,9.3800001145,61.908,41.373798369999996,218.33
480,Norway,2003,1.1159503,0.252,10.0,83941.36558,97.29209137,1.6803599999999999,79.06717682,4.21999979,77.084,22.00567055,337.65
481,Norway,2004,0.7829133509999999,0.282,10.0,86759.14196000001,100.7738113,1.54506,79.22766876,4.260000229,77.399,18.52362823,196.25
482,Norway,2005,0.712380021,0.292,10.0,88432.62012,102.1194229,1.48317,78.52335358,4.3800001139999996,77.675,16.876972199999997,487.52
483,Norway,2006,0.70618658,0.237,10.0,89828.42517,102.94712829999999,1.4559799999999998,77.67086029,3.400000095,77.95,15.64806557,341.885
484,Norway,2007,0.635673622,0.251,10.0,91565.7334,102.1820679,1.5640100000000001,75.48996735,2.49000001,78.234,16.68601418,492.26
485,Norway,2008,0.7126367690000001,0.24100000000000002,10.0,90862.39971,100.19695279999999,1.55346,72.59346771,2.549999952,78.52600000000001,17.19873428,455.28
486,Norway,2009,0.6008062820000001,0.23600000000000002,10.0,88174.15788,97.61901093,1.72279,73.17961884,3.099999905,78.815,17.27544975,444.11
487,Norway,2010,0.593547362,0.22899999999999998,10.0,87693.79007,97.76789093,1.64855,73.49385834,3.5199999810000002,79.102,21.74522972,449.695
488,Norway,2011,2.2431787659999998,0.225,10.0,87413.177,99.09300995,1.62534,73.66792297,3.210000038,79.455,22.86601067,141.2
489,Norway,2012,0.538522724,0.22699999999999998,10.0,88604.57465,100.489563,1.61858,73.57134247,3.1199998860000004,79.874,22.45804596,158.56
490,Norway,2013,0.9056080759999999,0.235,10.0,88444.89498,99.97535706,1.6500400000000002,76.50003052,3.4200000760000004,80.286,24.83845901,491.34
491,Norway,2014,0.563953383,0.239,10.0,89175.49955,97.12915802,1.71187,77.54350281,3.4800000189999998,80.692,24.73799515,324.95
492,Norway,2015,0.46155381700000003,0.25,10.0,90029.35564,99.65187836,1.93095,77.9589386,4.3000001910000005,81.09100000000001,24.73799515,408.145
493,Norway,2016,0.51419267,0.261,10.0,90195.96368,101.0667572,2.03074,80.54653931,4.679999828,81.485,24.73799515,389.09
494,Norway,2017,0.528668563,0.248,10.0,91549.03787,98.49141693,2.09343,81.99234772,4.159999847,81.87100000000001,24.73799515,385.89
495,Panama,2003,10.50153067,0.569,11.0,5558.096499,45.46615982,0.32109,44.25814056,13.61999989,63.091,56.31999969,262.42
496,Panama,2004,9.420815597999999,0.563,11.0,5865.9416439999995,45.46615982,0.22646,43.32767868,12.43999958,63.387,57.3116951,256.4
497,Panama,2005,10.93020225,0.55,11.0,6172.866331,47.47518158,0.23183,42.09386063,10.32999992,63.681999999999995,59.28886032,218.87
498,Panama,2006,6.515958349,0.562,11.0,6585.4569409999995,65.75624084,0.23536999999999997,43.11624908,9.109999657000001,63.976000000000006,58.68405533,260.01
499,Panama,2007,8.078360678,0.539,11.0,7242.248874,65.91190338,0.18172,43.25215912,6.78000021,64.268,58.39204025,251.97
500,Panama,2008,14.02080198,0.528,11.0,7814.537245,65.92196655,0.19065,43.38064957,4.8699998860000004,64.56,70.91324615,390.61
501,Panama,2009,15.70176701,0.53,11.0,7772.388756,67.99829865,0.1321,43.31845093,6.559999942999999,64.851,83.43445587,380.37
502,Panama,2010,12.62802692,0.528,11.0,8082.028459,69.93414307,0.14453,44.25146866,3.710000038,65.14,63.53850937,411.99
503,Panama,2011,14.811901,0.528,11.0,8841.561276999999,70.36273193,0.17304,42.17169189,2.3099999430000002,65.437,68.72870636,385.55
504,Panama,2012,16.89370623,0.5173996,11.0,9541.060212999999,74.1905899,0.07534,43.93133163,2.390000105,65.741,66.49402618,398.77
505,Panama,2013,17.28612076,0.524,11.0,10027.34623,72.27666091500001,0.062060000000000004,43.05151176,2.299999952,66.05199999999999,59.84000015,247.49
506,Panama,2014,15.48197516,0.519,11.0,10357.50418,73.2336254075,0.14052,44.53678894,2.720000029,66.37100000000001,57.88999939,254.46
507,Panama,2015,11.86849406,0.499,11.0,10765.91029,72.75514316125,0.12032999999999999,47.26562881,3.0,66.696,56.40895844,262.33
508,Panama,2016,10.03202072,0.495,11.0,11107.223329999999,72.994384284375,0.14481,47.79935837,3.3099999430000002,67.027,57.149478915,481.46
509,Panama,2017,9.666978672,0.505,11.0,11530.071259999999,76.80484772,0.14699,47.53249359,3.900000095,67.365,56.7792186775,488.53
510,Paraguay,2003,22.81206956,0.56,9.0,3489.681041,68.85843658,0.06135,24.86856079,6.809999942999999,56.977,78.01000214,343.03
511,Paraguay,2004,21.09742929,0.532,9.0,3569.447438,69.62046814,0.060660000000000006,25.07529068,6.510000229,57.305,75.01999664,325.49
512,Paraguay,2005,15.22983399,0.528,9.0,3587.0453869999997,86.43643951,0.06091,25.65633011,4.820000172,57.633,72.40885162,334.26
513,Paraguay,2006,12.54817179,0.534,9.0,3702.822918,78.028453825,0.060785000000000006,25.365810394999997,5.28000021,57.96,73.64302063,320.92
514,Paraguay,2007,13.05341564,0.5479999999999999,9.0,3848.118983,80.46382141,0.0608475,28.71702957,4.710000038,58.286,67.25587463,384.02
515,Paraguay,2008,13.69773811,0.529,9.0,4037.053137,79.33779144,0.0412,34.06595993,4.420000076,58.611999999999995,67.77129364,396.17
516,Paraguay,2009,13.31933802,0.512,9.0,3972.630274,68.76268005,0.05102375,36.67164993,5.4600000379999996,58.937,67.32015991,395.04
517,Paraguay,2010,11.85976287,0.5329999999999999,9.0,4355.934939,69.94155121,0.046111875,34.63021088,4.570000172,59.261,64.70872498,350.01
518,Paraguay,2011,10.37262347,0.546,13.0,4479.398934000001,71.6761322,0.042210000000000004,35.650930405,4.670000076,59.583999999999996,71.42857361,394.54
519,Paraguay,2012,10.10665716,0.502,13.0,4394.5438810000005,73.37699127,0.06515,35.140570642499995,4.090000153,59.907,69.36782837,358.16
520,Paraguay,2013,9.277644732,0.522,13.0,4699.493714,72.526561735,0.053680000000000005,35.395750523749996,4.3800001139999996,60.196999999999996,72.29502869,395.18
521,Paraguay,2014,8.75820741,0.536,13.0,4861.287099,72.9517765025,0.07921,35.268160583124995,5.03000021,60.474,78.05844879,358.18
522,Paraguay,2015,9.224449546,0.494,13.0,4944.191640999999,72.73916911875,0.09687,35.331955553437496,4.559999943,60.75,76.96960449,335.52
523,Paraguay,2016,9.870345852,0.49700000000000005,13.0,5089.6120200000005,72.845472810625,0.11688,35.300058068281245,5.25,61.026,77.51402664,214.17
524,Paraguay,2017,7.878191796,0.503,13.0,5272.360812,72.79232096468749,0.14883,35.31600681085937,4.610000134,61.3,77.241815565,221.13
525,Philippines,2003,7.749364645,0.41494659999999994,10.0,1760.0363079999997,72.16313171,0.12994,29.07217979,3.529999971,45.88,65.23000336,372.34
526,Philippines,2004,7.489032298,0.41494659999999994,10.0,1838.9331079999997,81.67015839,0.12994,28.3604908,3.549999952,45.795,63.50821686,412.54
527,Philippines,2005,7.4531210670000005,0.41494659999999994,10.0,1893.7033350000002,78.72586059999999,0.11143,27.51806068,3.799999952,45.71,63.50630569,471.84
528,Philippines,2006,7.054378735,0.4285884,10.0,1958.925759,75.54032135,0.120685,27.8425293,4.0500001910000005,45.625,63.50438689999999,517.87
529,Philippines,2007,6.668494892000001,0.42176749999999996,10.0,2051.233094,68.10331726,0.10962999999999999,27.68029499,3.430000067,45.54,61.96617508,494.855
530,Philippines,2008,6.402501719,0.42517794999999997,10.0,2105.112945,80.60561371,0.1151575,29.15916061,3.720000029,45.455,60.42796326,262.68
531,Philippines,2009,9.833990702000001,0.41760340000000007,10.0,2100.656464,77.58297729,0.11395999999999999,28.48962021,3.859999895,45.371,59.8182373,241.67
532,Philippines,2010,9.200059459,0.42139067500000005,11.0,2217.474009,79.0942955,0.11455874999999999,29.56384087,3.609999895,45.332,59.20851135,212.11
533,Philippines,2011,8.882489953,0.41949703750000006,11.0,2264.394087,78.33863639500001,0.11725999999999999,30.79600906,3.589999914,45.522,60.95138931,264.06
534,Philippines,2012,8.727260249,0.4222433,11.0,2379.668184,78.71646594750001,0.11590937499999998,31.20648003,3.5,45.711999999999996,62.16388321,238.085
535,Philippines,2013,9.257465125,0.42087016875000005,11.0,2497.685925,78.52755117125001,0.13793,33.52278137,3.5,45.903,63.07349014,624.08
536,Philippines,2014,9.706193928,0.421556734375,11.0,2612.8568809999997,81.00196838,0.1269196875,35.62688828,3.599999905,46.093,64.07190704,431.08250000000004
537,Philippines,2015,9.446378562,0.403515,11.0,2735.187532,79.76475977562501,0.16415,34.574834824999996,3.069999933,46.284,68.32865143,384.53
538,Philippines,2016,10.9768296,0.4125358671875,11.0,2886.897485,80.3833640778125,0.14553484374999998,35.1008615525,2.700000048,46.475,66.200279235,359.92
539,Philippines,2017,8.391893955,0.40802543359375,11.0,3042.68678,78.20432281,0.15484242187499997,35.47546005,2.549999952,46.681999999999995,67.2644653325,359.28
540,Poland,2003,1.7220828330000002,0.314,9.0,9150.970542000001,94.27675629,0.53884,59.48310089,19.37000084,61.676,23.00677299,192.43
541,Poland,2004,1.648456689,0.35600000000000004,9.0,9612.570059,96.45880127,0.5525100000000001,61.05693817,19.06999969,61.56399999999999,18.73258018,192.43
542,Poland,2005,1.446481853,0.33299999999999996,10.0,9954.041963,96.49990845,0.56281,63.5945816,17.75,61.452,16.25095749,483.13
543,Poland,2006,1.2775572020000001,0.322,10.0,10571.035409999999,96.47935486,0.55082,65.36472321,13.84000015,61.341,16.38591003,488.71
544,Poland,2007,1.368850832,0.32,10.0,11323.66135,96.48963165500001,0.56189,67.21199799,9.600000381000001,61.229,13.27748585,485.91999999999996
545,Poland,2008,0.849914797,0.318,10.0,11797.64186,96.4844932575,0.59921,70.22705078,7.1199998860000004,61.11600000000001,11.05580235,337.47
546,Poland,2009,1.0090758420000001,0.311,10.0,12123.554759999999,96.48706245625002,0.66097,72.31266785,8.170000076,61.004,11.633955,140.8
547,Poland,2010,1.001831891,0.311,10.0,12613.011,96.48577785687502,0.7207,74.75524902,9.640000342999999,60.891999999999996,10.69659615,343.62
548,Poland,2011,1.102206858,0.309,10.0,13205.98967,96.48642015656252,0.74588,74.6585083,9.630000114,60.78,10.27018547,367.63
549,Poland,2012,1.069923475,0.307,10.0,13380.9866,96.48609900671877,0.8808600000000001,73.9614563,10.09000015,60.653999999999996,8.605296135,317.96
550,Poland,2013,0.7993072390000001,0.308,10.0,13539.79561,93.8948822,0.8705299999999999,71.85639954,10.32999992,60.528999999999996,8.554855347,319.14
551,Poland,2014,0.753456943,0.306,10.0,14007.7285,94.16870117,0.93978,68.44716644,8.989999771,60.403,8.190612793,318.54999999999995
552,Poland,2015,0.783507926,0.298,10.0,14610.8752,95.03196716,1.00325,66.94615173,7.5,60.278,6.053893089,328.02
553,Poland,2016,0.684404717,0.292,10.0,15076.388840000001,96.85803986,0.9641,67.00454712,6.159999847000001,60.178000000000004,7.122252940999999,214.93
554,Poland,2017,0.7561949490000001,0.278,10.0,15802.70479,97.69492340000001,1.03445,67.82743835,4.889999866,60.105,6.588073014999999,223.24
555,Romania,2003,3.204360435,0.289,10.0,5800.887388,85.68486786,0.39708000000000004,38.13055038,6.9499998089999995,52.912,15.66507053,277.54
556,Romania,2004,2.256939858,0.3003937,10.0,6442.414091,87.20478821,0.38942,42.21371841,7.71999979,53.043,15.43388557,220.6
557,Romania,2005,2.021731324,0.2981939,10.0,6784.925429999999,86.18374634,0.41262,46.38264847,7.170000076,53.174,14.66757488,330.08
558,Romania,2006,1.681241191,0.38299999999999995,10.0,7373.224321,82.8973465,0.45682,52.47505951,7.269999981000001,53.305,12.580058099999999,397.86
559,Romania,2007,1.801827843,0.359,10.0,8024.2540930000005,88.74555206,0.51148,58.27952957,6.409999847000001,53.43600000000001,10.02721977,361.92
560,Romania,2008,1.449865314,0.345,10.0,8918.493731999999,91.62953949,0.55215,65.79338074,5.7899999620000004,53.567,11.87242508,266.63
561,Romania,2009,1.2501214390000002,0.335,10.0,8496.918085,92.83528137,0.44395,68.59246063,6.860000134,53.698,16.49947548,486.53
562,Romania,2010,1.299344564,0.335,10.0,8214.076893000001,90.79528046,0.45688,63.99544144,6.9600000379999996,53.82899999999999,16.39286232,489.98
563,Romania,2011,1.008028926,0.34,10.0,8411.916545999999,105.90724180000001,0.49832,58.18540955,7.179999828,53.96,10.79364014,345.91
564,Romania,2012,1.048079821,0.34600000000000003,10.0,8621.872961,86.86118317,0.48383000000000004,49.71393967,6.7899999620000004,53.974,9.991514206,368.93
565,Romania,2013,1.0828112159999999,0.35,10.0,8980.284574,87.29103851,0.38787,46.84502029,7.099999905,53.937,5.518334866,319.28
566,Romania,2014,1.622086085,0.374,10.0,9339.275429000001,89.94735718,0.38225,47.13710022,6.8000001910000005,53.9,5.30905962,319.71
567,Romania,2015,1.701364635,0.34700000000000003,10.0,9660.429691,90.83973694,0.48793000000000003,46.72668839,6.809999942999999,53.887,5.241053104,342.8
568,Romania,2016,1.5457449580000002,0.331,10.0,10172.95065,89.04149628,0.48033000000000003,48.24060822,5.900000095,53.9,5.275056362,188.88
569,Romania,2017,1.297448057,0.35100000000000003,10.0,10981.64036,86.53457642,0.5039,49.38187027,4.929999828,53.93600000000001,5.258054733,191.55
570,Russian Federation,2003,28.88026209,0.51,8.0,7767.405042,89.46618652,1.28603,70.6703186,8.210000037999999,73.373,20.26000023,192.17
571,Russian Federation,2004,27.24585173,0.51,9.0,8360.25165,83.77629089,1.15133,70.59243774,7.760000229,73.418,19.20586014,192.17
572,Russian Federation,2005,24.803698,0.43,9.0,8929.301054000001,80.33177948,1.06797,72.56594086,7.1199998860000004,73.46300000000001,19.56154633,192.17
573,Russian Federation,2006,20.11390843,0.5,9.0,9693.197844,74.9905777,1.07294,72.79666901,7.059999942999999,73.508,18.27832222,192.17
574,Russian Federation,2007,17.71317922,0.48,9.0,10535.1258,72.17082214,1.11611,74.02127075,6.0,73.553,17.31210709,425.68
575,Russian Federation,2008,12.69679367,0.5,9.0,11087.82105,71.61820984,1.04435,74.89585876,6.2100000379999996,73.598,15.91175652,430.66
576,Russian Federation,2009,12.32078522,0.42,9.0,10219.894240000001,71.50826263,1.2519200000000001,75.32708740000001,8.300000191,73.642,15.17272282,367.77
577,Russian Federation,2010,11.63234219,0.359,9.0,10674.99578,71.563236235,1.1302,75.11147308,7.3699998860000004,73.687,14.49934387,322.65
578,Russian Federation,2011,11.25585197,0.3649,9.0,11125.34459,86.11064148,1.01261,76.18489075,6.5399999620000004,73.732,14.83931732,349.04
579,Russian Federation,2012,11.283117800000001,0.40714829999999996,9.0,11553.57642,86.63552094,1.02675,75.90708923,5.440000057000001,73.791,16.18842316,496.72
580,Russian Federation,2013,11.10892038,0.3519,11.0,11731.38178,91.08609772,1.02524,77.85031891,5.4600000379999996,73.863,8.548370361,321.34
581,Russian Federation,2014,11.41673426,0.3437,11.0,11608.75864,96.0001297,1.0720299999999998,78.46309662,5.159999847,73.95,8.964206696,327.84
582,Russian Federation,2015,11.48118304,0.3376,11.0,11355.2363,95.43933105,1.10076,79.93813324,5.570000172,74.05,9.648420333999999,330.58
583,Russian Federation,2016,10.91995124,0.3391,11.0,11356.40004,95.93125153,1.09728,80.63262177,5.559999942999999,74.164,9.306313515,329.21
584,Russian Federation,2017,9.134193423,0.326,11.0,11550.52512,95.68529129000001,1.10656,81.90930939,5.210000038,74.292,9.4773669245,329.895
585,Serbia,2003,1.894055164,0.28,8.0,4195.2873549999995,95.10050964,0.5213800000000001,39.61336136,15.19999981,53.437,32.22999954,257.34
586,Serbia,2004,1.7743842319999998,0.35473649999999995,8.0,4584.731171,95.10050964,0.30444,40.93379974,18.5,53.661,31.04000092,257.34
587,Serbia,2005,1.598900479,0.3646042,8.0,4852.840284000001,95.10050964,0.3953,44.20524979,20.85000038,53.883,29.04184151,416.62
588,Serbia,2006,1.705679903,0.2969,8.0,5120.808902000001,95.10050964,0.43985,46.81958008,20.85000038,54.105,26.87854385,270.85
589,Serbia,2007,1.878875387,0.287067,8.0,5472.709344,95.10050964,0.57877,47.99300003,18.05999947,54.328,24.71525002,343.735
590,Serbia,2008,1.545235955,0.27561420000000003,8.0,5806.890325,95.19114685,0.66966,48.66537857,13.69999981,54.55,25.11081314,506.98
591,Serbia,2009,1.70668246,0.2797415,8.0,5670.955192,95.53898621,0.8173,49.84967041,16.13999939,54.772,24.53758621,238.49
592,Serbia,2010,1.4458488459999999,0.2865,8.0,5735.4228570000005,94.59861755,0.70228,49.08272171,19.21999931,54.993,29.72080994,372.735
593,Serbia,2011,1.506064251,0.2538,8.0,5898.596188,97.79564667,0.68334,51.59376907,22.96999931,55.215,28.54561806,276.62
594,Serbia,2012,1.2415946279999999,0.38,8.0,5886.894618,102.6659012,0.85316,53.50003052,24.0,55.356,24.76041412,367.44
595,Serbia,2013,1.5921260169999998,0.38299999999999995,8.0,6086.72664,96.01579285,0.68367,56.38087845,22.14999962,55.468999999999994,18.88146782,190.63
596,Serbia,2014,1.348574624,0.4,8.0,6018.165914,96.28230286,0.72309,58.05496979,19.21999931,55.583,15.48405838,248.55
597,Serbia,2015,1.171596403,0.39799999999999996,8.0,6157.246684000001,101.8180695,0.8114600000000001,58.28768921,17.65999985,55.696000000000005,15.28219414,219.59
598,Serbia,2016,1.389208426,0.37799999999999995,8.0,6396.220804,95.14308929,0.8395100000000001,62.13697052,15.26000023,55.81,15.383126260000001,205.56
599,Serbia,2017,1.064598115,0.35600000000000004,8.0,6565.463903,94.93034363,0.8735299999999999,66.48674011,13.47999954,55.942,15.3326602,216.1
600,Slovenia,2003,1.056415081,0.3086603,9.0,20305.51678,96.27454376,1.24528,68.98806763,6.480000018999999,51.082,23.36448669,298.7
601,Slovenia,2004,1.35662985,0.23800000000000002,9.0,21177.10169,96.27454376,1.36806,72.36907196,6.010000229,51.308,27.18893814,263.34
602,Slovenia,2005,1.002516819,0.237,9.0,21943.36143,96.27454376,1.41229,79.24755096,6.510000229,51.533,23.76325226,281.02
603,Slovenia,2006,0.599272782,0.23199999999999998,9.0,23130.38375,96.01061249,1.53291,82.57848358,5.9499998089999995,51.758,20.83012962,257.85
604,Slovenia,2007,1.1927670609999999,0.23399999999999999,9.0,24606.93237,96.142578125,1.42382,84.57386017,4.820000172,51.983000000000004,19.68562889,269.435
605,Slovenia,2008,0.49430340000000006,0.22699999999999998,9.0,25430.34911,96.0765953075,1.62564,85.51544952,4.3699998860000004,52.208999999999996,16.99544716,431.16
606,Slovenia,2009,0.639195361,0.23800000000000002,9.0,23299.20458,101.2435074,1.8162900000000002,86.44242859,5.860000134,52.433,24.90842438,509.91
607,Slovenia,2010,0.734093659,0.23800000000000002,9.0,23509.54314,99.2858963,2.05763,89.15319061,7.239999771,52.658,6.735751152000001,333.84
608,Slovenia,2011,0.780001541,0.237,9.0,23662.83082,97.96251678,2.42358,86.01754761,8.170000076,52.883,6.991358757,326.34
609,Slovenia,2012,0.680329629,0.244,9.0,22989.92971,96.22952271,2.5731900000000003,87.01795959,8.840000153,53.108000000000004,5.6644878389999995,310.43
610,Slovenia,2013,0.5816433360000001,0.25,9.0,22722.43708,94.52288818,2.5801,85.28806305,10.10000038,53.332,4.852941036,340.14
611,Slovenia,2014,0.773885991,0.245,9.0,23328.47494,94.02603912,2.36743,82.23113251,9.670000076,53.556999999999995,3.613666058,399.42
612,Slovenia,2015,0.965624259,0.244,9.0,23826.1315,98.99796295,2.19504,80.26098633,8.960000037999999,53.781000000000006,12.22301674,369.78
613,Slovenia,2016,0.482112424,0.237,9.0,24568.63634,96.65590668,2.01191,77.84908295,8.0,54.02,7.918341399,194.98
614,Slovenia,2017,0.9150474740000001,0.23399999999999999,9.0,25729.5753,97.95059204,1.8658099999999997,78.58899689,6.559999942999999,54.273,10.0706790695,198.37
615,Spain,2003,1.3780489480000002,0.31,10.0,30037.624860000004,79.47364044,1.02219,63.96755981,11.27999973,76.778,21.88391304,241.67
616,Spain,2004,1.2006923840000001,0.322,10.0,30445.748860000003,79.47364044,1.03849,66.09031677,11.09000015,77.02199999999999,22.083368300000004,334.39
617,Spain,2005,1.1767614240000002,0.319,10.0,31028.996769999998,79.47364044,1.0957700000000001,67.15335083,9.149999618999999,77.263,22.47191048,157.33
618,Spain,2006,1.06419699,0.319,10.0,31760.602539999996,79.47364044,1.1721700000000002,68.53449249,8.449999809,77.502,23.53134155,329.48
619,Spain,2007,1.060994622,0.324,10.0,32301.968999999997,79.47364044,1.23448,68.75184631,8.229999542,77.74,24.04918098,131.96
620,Spain,2008,0.883461047,0.32899999999999996,10.0,32072.76459,79.47364044,1.3170600000000001,69.74542236,11.25,77.976,24.26520538,225.08
621,Spain,2009,0.884432076,0.335,10.0,30593.609839999997,79.47364044,1.35134,71.5843277,17.86000061,78.21,20.47871399,178.52
622,Spain,2010,0.854445688,0.34,10.0,30502.71971,77.75878906,1.34961,75.91094971,19.86000061,78.442,18.71660614,194.66
623,Spain,2011,0.817683334,0.342,10.0,30146.999239999997,78.61621475,1.32508,80.0379715,21.38999939,78.673,17.23805237,460.37
624,Spain,2012,0.773430388,0.337,10.0,29235.82869,78.187501905,1.28788,82.27033234,24.79000092,78.902,15.94530392,469.37
625,Spain,2013,0.643504017,0.34700000000000003,10.0,28910.755839999998,78.40185832750001,1.2685899999999999,83.72563934,26.09000015,79.133,13.91747189,273.41
626,Spain,2014,0.69049661,0.33,10.0,29398.610310000004,88.01181793,1.23535,85.4462738,24.44000053,79.366,13.2196188,398.47
627,Spain,2015,0.647070029,0.345,10.0,30549.791810000002,91.04118347,1.21832,85.61177826,22.05999947,79.602,12.47119141,396.48
628,Spain,2016,0.630439538,0.32,10.0,31449.28417,91.93804932,1.18526,86.51608276,19.62999916,79.84,12.845405105,397.475
629,Spain,2017,0.6581285029999999,0.332,10.0,32308.592010000004,95.34044647,1.2058,88.85301208,17.21999931,80.08,12.6582982575,270.69
630,Sweden,2003,0.949567997,0.23,9.0,47212.70854,93.69757843,3.6097699999999997,81.41976166,5.5500001910000005,84.196,20.74019241,251.73
631,Sweden,2004,1.1901249,0.23399999999999999,9.0,49066.89619,93.69757843,3.3873699999999998,83.76122284,6.690000057000001,84.258,21.29023552,251.73
632,Sweden,2005,0.918281062,0.24,9.0,50268.17571,93.69757843,3.38312,81.95384216,7.489999771,84.319,20.04879951,251.73
633,Sweden,2006,1.000421056,0.23399999999999999,9.0,52316.96324,93.69757843,3.49609,79.32479858,7.070000172,84.43,21.58983421,332.97
634,Sweden,2007,1.211401449,0.251,9.0,53716.4434,93.69757843,3.25273,74.83711243,6.159999847000001,84.588,20.52458,249.44
635,Sweden,2008,0.8877886079999999,0.263,9.0,53059.45393,93.69757843,3.4910400000000004,70.73696136,6.230000018999999,84.74600000000001,19.46840096,307.32
636,Sweden,2009,0.998594988,0.255,9.0,50326.22205,93.69757843,3.4459800000000005,70.74315643,8.350000381000001,84.902,19.83255577,340.78
637,Sweden,2010,0.969099878,0.26,9.0,52869.04429,93.39112854,3.2126200000000003,73.67311096,8.609999657000001,85.056,21.50160599,282.15
638,Sweden,2011,0.855630338,0.26,9.0,54147.9404,92.54730988,3.24522,72.82540131,7.8000001910000005,85.29700000000001,22.80701637,150.99
639,Sweden,2012,0.712577848,0.26,9.0,53432.64485,94.76467896,3.2777199999999995,68.81764984,7.980000018999999,85.62,22.93519592,140.32
640,Sweden,2013,0.904552457,0.26899999999999996,9.0,53611.10179,97.7388382,3.30252,63.21715927,8.050000191,85.936,23.51913261,324.35
641,Sweden,2014,0.8976348559999999,0.267,9.0,54492.599120000006,104.4557419,3.14261,62.18059158,7.9499998089999995,86.24700000000001,24.2546463,206.76
642,Sweden,2015,1.146959395,0.276,9.0,56339.9943,105.79422759999999,3.26418,62.28247833,7.429999828,86.553,22.56900597,153.94
643,Sweden,2016,1.077673523,0.28,9.0,56788.543079999996,108.24790949999999,3.26923,63.54801941,6.989999771,86.852,23.411826135,180.35
644,Sweden,2017,1.1408500540000002,0.27,9.0,57467.249970000004,109.6091614,3.39676,66.98824309999999,6.71999979,87.146,22.9904160525,167.14499999999998
645,Switzerland,2003,1.0043527,0.3039,11.0,67385.29779,97.50998688,2.6726900000000002,44.03966904,4.1199998860000004,73.42699999999999,42.389431,142.36
646,Switzerland,2004,1.065031361,0.3039,11.0,68781.61265,97.50998688,2.6726900000000002,45.60078049,4.320000172,73.452,40.79893112,142.36
647,Switzerland,2005,1.0153221590000001,0.276,11.0,70471.43866,98.02413940000001,2.6726900000000002,45.80414963,4.440000057,73.47800000000001,30.61756516,496.72
648,Switzerland,2006,0.8045094359999999,0.304,11.0,72823.83732,97.76706314,2.6726900000000002,46.53779984,4.0,73.50399999999999,42.05137634,355.56
649,Switzerland,2007,0.676663059,0.311,11.0,75143.70226,97.89560127000001,2.6726900000000002,47.24253082,3.650000095,73.53,41.58772278,336.27
650,Switzerland,2008,0.7083986959999999,0.307,11.0,75793.63316,96.18022156,2.7147200000000002,48.83327866,3.349999905,73.556,44.31454086,158.42
651,Switzerland,2009,0.661143997,0.29600000000000004,11.0,73189.19264,93.28114319,2.6937050000000005,50.14809036,4.1199998860000004,73.581,44.97769928,167.31
652,Switzerland,2010,0.665926123,0.297,11.0,74605.72107999999,93.32449341,2.7042125000000006,52.93772888,4.8000001910000005,73.607,44.50997543,157.22
653,Switzerland,2011,0.581763878,0.28800000000000003,11.0,75029.75789,94.79602814,2.6989587500000005,54.48451996,4.400000095,73.631,42.76573181,162.265
654,Switzerland,2012,0.561937641,0.285,11.0,74984.13715,96.17462921,3.18623,55.52046967,4.480000018999999,73.653,45.1163559,159.7425
655,Switzerland,2013,0.7029334279999999,0.295,11.0,75499.70682,94.97170258,2.9425943750000005,56.27014923,4.75,73.67399999999999,43.82140732,160.67
656,Switzerland,2014,0.49963423100000004,0.29600000000000004,11.0,76410.85671000001,95.65590668,3.0644121875000003,57.22972107,4.829999924,73.696,42.49118042,160.20625
657,Switzerland,2015,0.68701393,0.294,11.0,76553.28226,96.94525909,3.3716,57.70735168,4.8000001910000005,73.718,42.41305161,146.96
658,Switzerland,2016,0.5369982870000001,0.301,11.0,77026.33561000001,98.39038086,3.21800609375,58.04695129,4.920000076,73.73899999999999,42.452116015,153.583125
659,Switzerland,2017,0.532179285,0.297,11.0,77684.04821000001,96.31986237,3.3728599999999997,59.56298828,4.8000001910000005,73.76100000000001,42.4325838125,150.27156250000002
660,Turkey,2003,4.292670102,0.42184340000000004,8.0,8405.290428,87.02439117,0.46945,30.6,10.53999996,66.602,49.1018219,278.61
661,Turkey,2004,4.348544335,0.43,8.0,9101.755567,87.02439117,0.50215,30.6,10.84000015,67.225,54.93656921,129.54
662,Turkey,2005,4.867204044,0.449,8.0,9789.819592,91.46949768,0.56931,32.8,10.64000034,67.84,55.365760800000004,149.77
663,Turkey,2006,4.607543669,0.43200000000000005,8.0,10340.0717,90.47634125,0.5574899999999999,36.6,8.720000267,68.45,62.45533371,624.5
664,Turkey,2007,5.1723255319999994,0.43,8.0,10732.787409999999,92.96333313,0.69182,38.5,8.869999886,69.053,58.15919495,254.59
665,Turkey,2008,4.625197668,0.442,8.0,10691.68943,96.58486938,0.69292,39.9,9.710000037999999,69.65100000000001,55.96654892,173.19
666,Turkey,2009,5.1765664860000005,0.435,8.0,10047.20357,93.27037811,0.8094,46.2,12.55000019,70.241,32.57246399,236.33
667,Turkey,2010,4.236316091,0.433,8.0,10742.43007,101.8682404,0.79892,56.0,10.65999985,70.825,27.40985489,199.39
668,Turkey,2011,4.167843653,0.428,8.0,11763.935159999999,96.11074829,0.79988,60.7,8.800000191,71.402,27.77089119,296.16
669,Turkey,2012,4.308044123,0.42100000000000004,12.0,12127.58618,95.32122803,0.8321700000000001,69.3,8.149999618999999,71.97399999999999,22.86479568,147.31
670,Turkey,2013,4.237943888,0.41200000000000003,12.0,12935.6872,94.67233276,0.81821,79.0,8.729999542,72.531,19.50617027,318.44
671,Turkey,2014,4.2729940055,0.419,12.0,13345.5911,96.86766052,0.86077,86.3,9.880000114,73.077,13.99394989,283.03
672,Turkey,2015,2.846067371,0.426,12.0,13923.68289,94.90615845,0.8815,94.7,10.23999977,73.611,14.62693691,329.61
673,Turkey,2016,3.33843314,0.419,12.0,14153.4629,95.886909485,0.9446399999999999,90.5,10.84000015,74.134,14.3104434,306.32
674,Turkey,2017,3.085687267,0.43,12.0,14975.087280000002,87.50611877,0.96105,92.6,10.81999969,74.64399999999999,14.468690155,124.87
675,Uganda,2003,8.221535905,0.428,7.0,611.0479941000001,19.14423943,0.25611999999999996,3.796380043,3.599999905,16.061,61.51960373,242.41
676,Uganda,2004,7.639450735,0.428,7.0,632.1855825,18.95763016,0.26056,3.668989897,3.599999905,16.507,60.15418625,244.1
677,Uganda,2005,9.001397528,0.42944740000000003,7.0,651.2573466,19.050934795,0.21514,3.73268497,1.899999976,16.96,60.47354507,266.36
678,Uganda,2006,9.435984667,0.42872370000000004,7.0,699.0978263,20.77218056,0.30033000000000004,3.574219942,2.7499999405,17.425,58.97529221,260.25
679,Uganda,2007,8.9702569,0.42908555000000004,7.0,734.3935205,22.57990074,0.38821,3.653452456,2.32499995825,17.899,58.40909958,256.2
680,Uganda,2008,9.177919338999999,0.42890462500000004,7.0,773.5483389,23.942819600000004,0.32632,3.8880999089999997,2.537499949375,18.384,55.89226532,163.42
681,Uganda,2009,10.29254121,0.44195559999999995,7.0,800.4026508,25.42012024,0.35331,4.3203301430000005,3.599999905,18.878,55.18558121,134.99
682,Uganda,2010,9.744615822,0.43543011249999997,7.0,819.0073159,27.99541092,0.47556000000000004,4.063210011000001,3.0687499271874996,19.383,55.60998917,145.67
683,Uganda,2011,11.21075831,0.43869285625,7.0,867.8584481,27.10889053,0.414435,4.55328989,3.3343749160937497,19.898,51.49120712,242.68
684,Uganda,2012,11.76548886,0.4100997,7.0,872.9414913999999,25.75736046,0.44499750000000005,3.91012001,3.549999952,20.424,53.81119919,131.55
685,Uganda,2013,10.80558054,0.4,7.0,875.4732809000001,29.68144035,0.42971625,4.23170495,1.9099999669999999,20.958000000000002,55.07480621,130.79
686,Uganda,2014,12.1181647,0.40504985000000004,7.0,889.8416619999999,30.05451012,0.17043,4.836639881,2.7299999594999997,21.504,54.18616104,132.45
687,Uganda,2015,11.46187262,0.40252492500000003,7.0,903.8472314999999,29.867975235,0.300073125,4.5341724155000005,2.31999996325,22.06,51.70999908,131.62
688,Uganda,2016,11.30414498,0.419,7.0,913.0915832999999,28.86174011,0.2352515625,4.68540614825,2.524999961375,22.624000000000002,52.94808006,381.01
689,Uganda,2017,11.50204627,0.41076246250000004,7.0,912.9865632000001,26.42557907,0.26766234375,4.609789281875001,9.43999958,23.195999999999998,52.329039570000006,374.84
690,Ukraine,2003,8.492624688,0.268,11.0,2353.604368,105.0823593,1.11287,60.84936142,9.06000042,67.42699999999999,13.04636574,388.78
691,Ukraine,2004,7.3849755120000005,0.2893402,11.0,2658.688636,102.41529849999999,1.0825799999999999,65.71183014,8.590000153,67.597,11.90854359,388.78
692,Ukraine,2005,6.46182538,0.2902071,11.0,2758.518075,103.4621887,1.03197,70.30892181,7.179999828,67.79,11.20855618,333.2
693,Ukraine,2006,6.346632059,0.29794390000000004,11.0,2983.854155,99.72619629,0.95,75.3947525,6.809999942999999,67.969,11.586872099999999,191.19
694,Ukraine,2007,5.7067251820000005,0.2701269,11.0,3229.6531800000002,98.88372803,0.85403,78.89259338,6.349999905,68.14699999999999,12.30275917,449.23
695,Ukraine,2008,5.342437112,0.26638229999999996,11.0,3322.005127,101.82141109999999,0.8472700000000001,81.24918365,6.360000134,68.325,13.71603203,199.67
696,Ukraine,2009,4.872643245,0.2531666,11.0,2844.321234,62.30350876,0.8572700000000001,81.96871185,8.840000153,68.502,15.82157612,429.12
697,Ukraine,2010,4.341361518,0.24818979999999996,11.0,2965.139715,116.36737820000002,0.8334600000000001,80.17552948,8.100000381000001,68.596,25.5559082,139.04
698,Ukraine,2011,4.6070023815,0.24551839999999997,11.0,3138.465137,104.3105316,0.7378,82.19396973,7.849999905,68.689,24.431762699999997,284.08
699,Ukraine,2012,5.139283719,0.24740660000000003,11.0,3153.735454,100.3109589,0.75167,81.71401978,7.53000021,68.782,22.53000069,156.63
700,Ukraine,2013,4.87314305025,0.2455499,11.0,3160.0805179999998,97.94136809999999,0.76175,80.15564728,7.170000076,68.875,23.96000099,220.355
701,Ukraine,2014,6.306591685,0.24025370000000001,11.0,3123.900089,94.37716675,0.6503399999999999,82.67118073,9.270000458,68.968,25.38999939,160.33
702,Ukraine,2015,5.589867367625001,0.2545754,11.0,2828.885069,96.159267425,0.6147699999999999,81.41341400499999,9.140000342999999,69.061,26.8200016,278.82
703,Ukraine,2016,5.948229526312501,0.25002199999999997,11.0,2903.795409,95.2682170875,0.48339,82.0422973675,9.350000381000001,69.154,26.105000495,516.16
704,Ukraine,2017,6.183730571,0.2604905,11.0,2988.504215,95.71374225625,0.44838999999999996,81.72785568625,9.5,69.24600000000001,26.462501047499998,513.61
705,Uruguay,2003,5.9271989529999995,0.474,9.0,8041.240177,74.27339935,0.36539,42.44367981,16.65999985,92.82799999999999,85.23685455,384.65
706,Uruguay,2004,6.021401264,0.47600000000000003,9.0,8449.209088,72.68472290000001,0.36539,43.63362885,12.97999954,93.07799999999999,81.56660461,370.79
707,Uruguay,2005,5.719792197,0.46299999999999997,9.0,9078.637456,70.45678711,0.36539,45.33480072,12.01000023,93.319,70.82540894,349.59
708,Uruguay,2006,6.074451728,0.462,9.0,9440.50698,68.1876297,0.36539,46.05366135,10.84000015,93.553,60.08421707,254.72
709,Uruguay,2007,5.822760571,0.47,9.0,10038.89509,65.79113007,0.42472,50.69181061,9.399999618999999,93.779,61.09999847,262.49
710,Uruguay,2008,6.61632868,0.456,14.0,10732.011279999999,69.6182785,0.37973,50.93381119,8.029999733,93.99799999999999,62.30000305,613.08
711,Uruguay,2009,6.746921195,0.44799999999999995,14.0,11155.84525,73.06481934,0.41252,50.8128109,7.739999771,94.209,63.5,516.62
712,Uruguay,2010,6.102510871000001,0.43799999999999994,14.0,11992.01663,74.28864288,0.34115,51.23524094,7.159999847000001,94.414,64.75862122,354.27
713,Uruguay,2011,5.906927015,0.415,14.0,12574.90357,73.67673110999999,0.3487,51.02402592,6.309999942999999,94.61200000000001,63.26350403,519.82
714,Uruguay,2012,7.901804541000001,0.392,14.0,12981.14011,73.982686995,0.3276,51.12963343,6.4499998089999995,94.73899999999999,67.16925049,378.57
715,Uruguay,2013,7.670892739,0.39899999999999997,14.0,13541.20711,73.8297090525,0.32113,59.87363052,6.440000057000001,94.84299999999999,63.32557297,518.45
716,Uruguay,2014,7.881335322000001,0.39399999999999996,14.0,13934.576169999998,73.90619802375,0.33579000000000003,60.7204895,6.5500001910000005,94.945,65.54181671,379.96
717,Uruguay,2015,8.587306086,0.39399999999999996,14.0,13938.79007,73.867953538125,0.36446,59.6962204,7.489999771,95.045,69.36775208,372.06
718,Uruguay,2016,7.826785069,0.392,14.0,14124.14386,73.8870757809375,0.40845,62.54457092,7.840000152999999,95.14399999999999,67.454784395,674.03
719,Uruguay,2017,8.263873633,0.392,14.0,14437.38469,73.87751465953124,0.48393,63.12577057,7.889999866,95.24,68.4112682375,680.54
