Country;Year;Homicide;Inequality;GDP per capita (constant 2010 US$);Lower secondary completion rate, total (% of relevant age group);Research and development expenditure (% of GDP);School enrollment,  tertiary (% gross);Unemployment, total (% of total labor force) (national estimate);Urban population (% of total population);Unsentenced;Police personel
Albania;2003;5.323896566;;2725.171389;86.46875;;16.65723991;15;44.573;19.1331501;399.42
Albania;2004;4.219147004;0.311;2887.370342;;;19.89043999;14.39999962;45.651;26.84187889;399.16
Albania;2005;4.988969195;0.296;3062.673883;;;23.18983078;14.10000038;46.731;33.6419754;340.14
Albania;2006;3.101513179;;3263.901713;;;26.63714027;13.80000019;47.815;32.93664932;342.8
Albania;2007;3.460785836;;3485.322409;91.59715271;0.08757;30.68712997;15.97000027;48.902;63.26164627;319.71
Albania;2008;3.097230044;0.2998467;3775.581314;91.07324219;0.15412;32.09280014;13.06000042;49.991;39.60536957;319.28
Albania;2009;2.859022604;;3928.450391;89.91284943;;33.38555145;13.67000008;51.076;34.88322067;310.43
Albania;2010;4.307963049;;4094.350334;94.40544128;;44.54925156;14.09000015;52.163;40.47669983;328.02
Albania;2011;4.848731527;;4209.874801;93.75469971;;49.87870026;13.47999954;53.247;39.70809174;331.96
Albania;2012;5.387614869;0.2896048;4276.607904;93.73104858;;59.25201035;13.38000011;54.33;38.02511978;333.84
Albania;2013;4.270284194;;4327.37996;94.05895233;;64.63442993;15.86999989;55.387;39.51580429;326.34
Albania;2014;4.039627015;0.345989;4413.296891;94.38111115;;65.78296661;18.04999924;56.423;51.39743042;332.35
Albania;2015;2.214131417;0.3291291;4524.373086;99.15677643;;62.00762177;17.19000053;57.434;49.23925781;337.01
Albania;2016;2.736947791;0.3370824;4681.826563;;;58.3818512;15.42000008;58.421;;365.73
Albania;2017;2.010977859;0.3317109;4864.310616;88.16436768;;57.3752594;13.61999989;59.383;;369.31
Austria;2003;0.611556834;0.258;43052.6026;103.8198776;2.17456;;4.78000021;59.375;25.94000053;
Austria;2004;0.718040213;0.263;43956.5829;;2.16612;;5.829999924;59.094;24.48399925;329.94
Austria;2005;0.65425552;0.253;44637.85601;;2.37324;;5.630000114;58.813;23.24698639;328.46
Austria;2006;0.73623971;0.262;45951.73464;102.3303299;2.35923;;5.239999771;58.532;23.49805641;321.34
Austria;2007;0.541273226;0.277;47510.29379;101.396553;2.41843;63.0472908;4.860000134;58.249;21.79316521;320.22
Austria;2008;0.695316504;0.275;48053.48236;100.7072983;2.56945;65.88690186;4.130000114;57.966;22.82977676;319.14
Austria;2009;0.609125561;0.283;46123.4911;100.0293732;2.59674;68.11264801;5.300000191;57.683;22.89848518;317.96
Austria;2010;0.689659683;0.274;46858.04327;101.8713226;2.7261;75.6237793;4.820000172;57.399;21.6611824;327.04
Austria;2011;0.887206378;0.276;48065.31654;101.7139816;2.66868;78.49945068;4.559999943;57.115;20.39311981;327.84
Austria;2012;0.929167995;0.27;48172.23812;99.30486298;2.91472;78.93891144;4.869999886;57.147;20.34071541;326.91
Austria;2013;0.724621505;0.276;47901.36613;97.33421326;2.95492;79.65540314;5.329999924;57.336;20.41300011;324.72
Austria;2014;0.522332318;0.272;47842.74891;96.90894318;3.08429;79.15869904;5.619999886;57.526;21.09986305;323.83
Austria;2015;0.530035315;0.272;47789.38502;96.22541046;3.04979;80.71942139;5.71999979;57.715;20.79473877;322.12
Austria;2016;0.651629199;0.279;48215.89053;97.1798172;3.12588;83.45494843;6.010000229;57.905;;330.58
Austria;2017;0.793659612;0.268;49031.10703;97.67305756;3.05212;85.05713654;5.5;58.094;;
Belgium;2003;2.207499375;0.261;40634.59649;;1.83184;59.83446121;7.679999828;97.296;40.95000076;348.57
Belgium;2004;2.557223115;0.28;41903.9924;;1.80898;61.02286911;7.360000134;97.35;39.93999863;353.13
Belgium;2005;2.095405421;0.278;42641.69358;;1.78231;61.08547974;8.43999958;97.403;37.8666687;368.93
Belgium;2006;2.081080399;0.263;43442.5827;89.60427094;1.81426;61.65359116;8.25;97.454;37.92000198;366.92
Belgium;2007;1.972409451;0.275;44710.38425;86.28598785;1.84413;61.20013046;7.460000038;97.505;36.90999985;361.92
Belgium;2008;1.88333282;0.264;44556.82522;83.71250916;1.92413;62.08623886;6.980000019;97.555;35.90000153;357.93
Belgium;2009;1.740342068;0.266;43306.59602;84.16925049;1.98537;65.26769257;7.909999847;97.603;34.88999939;367.63
Belgium;2010;1.727804906;0.263;44141.87814;89.30754852;2.05081;67.82901001;8.289999962;97.651;35.14818573;364.97
Belgium;2011;1.943006357;0.265;44309.63254;92.20603943;2.15533;69.8425293;7.139999866;97.698;33.62831879;343.62
Belgium;2012;1.849286739;0.259;44361.21009;92.55734253;2.27334;71.1920166;7.539999962;97.744;32.10845566;345.91
Belgium;2013;1.837904366;0.259;44355.37731;93.75318146;2.33393;72.11549377;8.430000305;97.789;30.84999847;345.45
Belgium;2014;1.871453429;0.262;44855.9702;93.93034363;2.38729;72.99739838;8.520000458;97.833;29.84000206;337.47
Belgium;2015;2.037574468;0.263;45507.23106;95.04216003;2.46123;74.55976105;8.479999542;97.876;27.46043205;334.55
Belgium;2016;1.532444627;0.261;45850.93303;94.40424347;2.55595;75.89064026;7.829999924;97.919;;331.97
Belgium;2017;1.690054215;0.257;46409.13008;93.55288696;2.70234;79.66172791;7.090000153;97.961;;333.2
Brazil;2003;25.75645397;0.562;8943.828483;;0.99939;23.21698952;9.989999771;82.203;21.60000038;
Brazil;2004;24.11823962;0.554;9346.039343;75.85272217;0.96343;24.49123955;9.109999657;82.521;27.72000122;
Brazil;2005;23.44880162;0.552;9535.41883;;1.00246;25.98962975;9.569999695;82.834;28.25551605;
Brazil;2006;23.96067059;0.548;9805.724506;;0.98807;;8.640000343;83.143;43.3146553;191.19
Brazil;2007;23.47072822;0.543;10293.53034;;1.08138;30.78668976;8.329999924;83.448;43.43832016;158.14
Brazil;2008;23.89465891;0.536;10710.87222;;1.12904;35.56209946;7.340000153;83.749;30.79191971;180.14
Brazil;2009;22.96085537;0.533;10594.98659;71.62493134;1.11866;37.03839874;8.520000458;84.044;42.55008316;171.57
Brazil;2010;22.10985431;;11286.24302;;1.15992;;;84.335;41.87709427;140.8
Brazil;2011;24.34453674;0.526;11627.81065;71.75012207;1.13966;43.45983124;6.920000076;84.631;40.61802673;261.33
Brazil;2012;26.62186809;0.523;11745.77593;;1.12684;;7.190000057;84.923;40.33451462;244.5
Brazil;2013;26.94195361;0.522;11993.48398;;1.19567;;6.980000019;85.209;40.53328323;266.63
Brazil;2014;28.84983225;0.514;11951.20945;;1.27131;;6.659999847;85.492;41.16821289;
Brazil;2015;28.59025632;0.511;11431.15448;;1.34264;;8.430000305;85.77;37.47198105;
Brazil;2016;29.87780701;0.532;10965.97426;;1.26417;;11.60000038;86.042;;
Brazil;2017;30.83136251;0.533;11021.71826;;1.26326;;12.81999969;86.309;;
Bulgaria;2003;3.164919469;0.277;4842.885654;;0.47587;41.62207031;13.72999954;69.879;18.48797989;
Bulgaria;2004;3.150570137;0.358;5193.913461;;0.47449;42.55524063;12.03999996;70.233;18.28718567;
Bulgaria;2005;2.588798387;0.312;5607.527055;;0.44617;45.3680191;10.07999992;70.584;18.18817711;
Bulgaria;2006;2.437419899;0.353;6034.620126;;0.4454;47.15087128;8.949999809;70.932;12.24452877;
Bulgaria;2007;2.336117096;0.359;6477.770277;;0.43024;50.58832932;6.880000114;71.278;9.268815041;
Bulgaria;2008;2.285992554;0.334;6920.388954;;0.44787;51.913311;5.610000134;71.622;8.43962574;449.23
Bulgaria;2009;2.007089307;0.332;6730.058143;;0.4947;54.23545074;6.820000172;71.963;9.882300377;410.85
Bulgaria;2010;1.99326304;0.35;6812.406338;;0.56387;57.79518127;10.27999973;72.302;11.29118252;396.48
Bulgaria;2011;1.734734204;0.336;7017.663646;;0.53191;59.02869034;11.26000023;72.638;11.11785507;397.86
Bulgaria;2012;1.92255066;0.354;7083.598787;;0.60479;61.35998154;12.27000046;72.975;9.765089989;384.06
Bulgaria;2013;1.495180033;0.354;7146.558796;;0.63724;64.19197845;12.93999958;73.313;8.761602402;367.24
Bulgaria;2014;1.573358242;0.37;7322.808629;;0.79377;67.56356049;11.42000008;73.651;8.500635147;388.78
Bulgaria;2015;1.75006344;0.377;7663.722029;;0.96015;70.30153656;9.140000343;73.99;9.300755501;337.26
Bulgaria;2016;1.104594161;0.402;8012.511208;;0.78006;71.2457428;7.570000172;74.329;;425.53
Bulgaria;2017;1.450203395;0.396;8353.968238;46.99010086;0.75239;71.03066254;6.159999847;74.669;;398.47
Chile;2003;3.236664736;0.507;10109.66805;;;43.46953964;9.770000458;86.665;41.94979477;
Chile;2004;;;10726.64485;;;43.93024826;10.15999985;86.725;36.79066849;192.66
Chile;2005;3.559353738;;11225.07995;;;49.36883926;9.340000153;86.783;33.02272797;188.41
Chile;2006;3.607568238;0.483;11808.83477;;;48.23466873;9.020000458;86.842;27.7485199;193.24
Chile;2007;3.72651246;;12256.42969;;0.30957;53.95666885;8.430000305;86.9;22.35391998;192.53
Chile;2008;3.519218494;;12553.79484;;0.37497;56.73126984;9.289999962;86.959;21.3761425;199.67
Chile;2009;3.730860685;0.478;12227.21453;;0.35202;60.91149902;11.31000042;87.017;21.18048286;207.21
Chile;2010;3.17069021;;12808.03459;;0.32947;67.86342621;8.420000076;87.074;19.55177116;213.97
Chile;2011;3.690468564;0.469;13455.83781;94.97573853;0.35144;72.2767868;7.340000153;87.132;17.88697433;237.62
Chile;2012;2.494201413;;14035.67913;95.60127258;0.3622;75.93106842;6.659999847;87.189;19.77577591;269.52
Chile;2013;3.164212799;0.466;14461.17438;92.37722778;0.3887;79.9562912;6.210000038;87.246;21.8133831;273.41
Chile;2014;2.466359393;;14561.32616;96.75611877;0.37503;82.84638214;6.659999847;87.303;24.31686211;278.45
Chile;2015;3.394668123;0.453;14722.36633;95.87487793;0.38073;85.26672363;6.510000229;87.36;27.55589104;283.03
Chile;2016;3.360962052;;14777.14884;95.62890625;0.36949;87.18814087;6.739999771;87.422;;315.51
Chile;2017;4.217550913;0.454;14741.1925;93.81433105;0.35518;88.4644165;6.960000038;87.49;;314.48
Colombia;2003;56.70396437;0.549;5031.49228;;0.15602;;13.22000027;75.211;42.38643265;
Colombia;2004;48.03218599;0.554;5225.245253;70.80351257;0.15353;28.1366291;12.73999977;75.62;42.35666275;291.82
Colombia;2005;42.46650308;0.55;5404.122236;75.85192871;0.15131;30.69215965;11.06000042;76.024;38.52967834;301.05
Colombia;2006;40.4598043;;5693.264528;78.21257019;0.1499;32.69947815;11.28999996;76.423;32.24371338;322.65
Colombia;2007;39.32093805;0.5707;6002.33107;80.22670746;0.18498;33.74993896;10.25;76.816;34.877285;310.13
Colombia;2008;36.47047839;0.572;6126.926503;82.616539;0.20164;36.07695007;10.48999977;77.204;34.37459946;329.61
Colombia;2009;35.34520875;0.557;6128.195589;89.43965149;0.196;37.51898956;11.28999996;77.587;32.33103561;330.08
Colombia;2010;34.18416048;0.56;6336.709474;92.50737;0.19532;39.41331863;10.97999954;77.964;30.69016075;342.31
Colombia;2011;35.31762993;0.549;6711.668052;91.24649811;0.20625;43.03231049;10.10999966;78.335;27.19734001;349.04
Colombia;2012;35.68039662;0.539;6911.761191;88.20768738;0.234;45.30730057;9.739999771;78.701;30.35632706;349.08
Colombia;2013;33.16235475;0.54;7201.006087;74.16750336;0.27128;48.73310852;9.050000191;79.061;30.86843491;373.41
Colombia;2014;28.40888163;0.54;7449.325237;74.94326019;0.30563;51.41638184;8.569999695;79.415;33.52930069;317.24
Colombia;2015;26.89777061;0.524;7580.275713;74.64495087;0.28975;53.28213882;8.300000191;79.764;35.49616241;386.11
Colombia;2016;25.74361732;0.521;7633.389843;74.08377838;0.26694;55.48424911;8.68999958;80.108;;372.39
Colombia;2017;25.01950323;0.511;7620.916172;73.67666626;0.24294;56.43402863;8.869999886;80.446;;367.77
Costa Rica;2003;7.204519251;0.482;6545.736721;;0.36349;;6.559999943;63.08;20;
Costa Rica;2004;6.626974247;0.486;6730.831394;52.01004028;0.37452;26.65769958;6.389999866;64.388;21.95229721;
Costa Rica;2005;7.817050223;0.476;6892.92318;56.16020966;;;6.570000172;65.672;18.1673851;258.98
Costa Rica;2006;8.077468213;0.489;7289.903923;55.815979;0.42906;;5.739999771;66.935;21.60269737;220.6
Costa Rica;2007;8.377555779;0.498;7779.324927;56.41199112;0.35842;;4.489999771;68.174;23.2266674;215.39
Costa Rica;2008;11.4717878;0.491;8034.329922;58.01575851;0.38831;;4.78000021;69.39;25.3130703;230.11
Costa Rica;2009;11.61314555;0.512;7854.952375;54.77516174;0.52028;;7.710000038;70.575;28.39571571;248.55
Costa Rica;2010;11.51315897;0.492;8141.913127;54.11470032;0.48492;;7.170000076;71.736;25.22531128;254.75
Costa Rica;2011;10.23076196;0.503;8390.479071;53.60002136;0.46782;45.81893921;10.14000034;72.868;24.79841995;268.72
Costa Rica;2012;8.681735059;0.504;8689.965168;58.53863144;0.55606;48.1085701;9.779999733;73.946;24.34549141;276.13
Costa Rica;2013;8.667026141;0.512;8785.741385;55.78985977;0.55567;49.0067215;8.770000458;74.97;22.45182037;278.62
Costa Rica;2014;9.947053316;0.505;8993.526002;58.7653389;0.57209;52.23117065;9.06000042;75.941;21.23574448;
Costa Rica;2015;11.48973608;0.496;9219.389701;59.00381088;0.44993;53.05263138;9;76.862;18.09414864;277.54
Costa Rica;2016;11.79751705;0.5;9509.738189;56.51549911;0.42926;53.63869858;8.600000381;77.735;;
Costa Rica;2017;12.18192893;0.496;9775.850878;59.9991684;0.42336;55.74573898;8.140000343;78.56;;
Croatia;2003;1.572144695;0.29;12466.9291;90.11454773;0.95034;40.77352142;13.92000008;53.979;32.5133667;458.49
Croatia;2004;1.893301295;0.29;12981.25442;;1.03207;42.06106949;13.65999985;54.147;30.00990486;441.7
Croatia;2005;1.553197234;0.29;13523.13099;94.94718933;0.85689;44.76409149;12.60000038;54.315;31.70731735;429.12
Croatia;2006;1.693060876;0.28;14195.04031;97.87799072;0.74081;45.585289;11.13000011;54.483;30.21132278;430.66
Croatia;2007;1.421227221;0.28;14917.65129;97.19590759;0.79187;47.18769836;9.909999847;54.651;30.23310089;469.37
Croatia;2008;1.631194317;0.29;15201.91579;98.8781662;0.88397;49.16419983;8.529999733;54.819;28.60160446;455.39
Croatia;2009;1.12870431;0.27;14103.40249;101.1332474;0.84323;48.7858696;9.199999809;54.987;24.78020859;465.42
Croatia;2010;1.432478398;0.312;13949.3265;99.7040863;0.7422;54.02853012;11.61999989;55.155;23.05905151;481.65
Croatia;2011;1.136074348;0.309;13969.80489;102.1384888;0.75041;57.22782135;13.68000031;55.322;17.62391853;490.01
Croatia;2012;1.18718704;0.309;13677.42072;96.78730011;0.75029;60.64714813;15.93000031;55.506;16.17802048;496.72
Croatia;2013;1.075622581;0.302;13654.24544;;0.81016;65.53488922;17.25;55.706;21.46139717;485.08
Croatia;2014;0.845960468;0.304;13663.16545;;0.78252;67.51023102;17.29000092;55.923;21.57852745;483.13
Croatia;2015;0.874110592;0.298;14111.25125;;0.84027;66.4910202;16.18000031;56.155;21.81981468;488.71
Croatia;2016;1.045475574;0.299;14707.23695;93.08521271;0.8627;66.53237915;13.10000038;56.403;;485.46
Croatia;2017;1.099729443;0.297;15396.80108;95.61271667;0.8645;67.86556244;11.21000004;56.667;;489.98
Cyprus;2003;1.409071603;;28530.93496;95.85645294;0.31834;31.9636097;4.139999866;68.553;15.59888554;480.18
Cyprus;2004;1.583515603;0.287;29566.82945;98.73725891;0.33564;35.86368942;4.329999924;68.41;18.28193855;486.53
Cyprus;2005;1.946174648;0.288;30558.42754;99.84481812;0.36727;33.22082138;5.300000191;68.268;16.73306847;498.54
Cyprus;2006;1.434709251;0.298;31469.46186;99.81640625;0.38346;33.41991043;4.539999962;68.125;17.12802887;492.26
Cyprus;2007;1.222139911;0.29;32377.07152;86.62770844;0.40007;36.17380905;3.920000076;67.982;12.61425877;490.51
Cyprus;2008;0.832125211;0.295;32725.63025;99.67532349;0.38601;42.61800003;3.650000095;67.839;18.09815979;495.38
Cyprus;2009;1.730278693;0.301;31216.76455;100.9840012;0.44442;52.00389099;5.360000134;67.695;18.16609001;487.52
Cyprus;2010;0.719025505;0.292;31023.63833;94.71144867;0.44663;48.31158066;6.260000229;67.551;21.85534477;478.71
Cyprus;2011;0.800115928;0.31;30363.51005;92.8713913;0.45554;46.53973007;7.860000134;67.406;21.70417976;472.09
Cyprus;2012;1.938247437;0.324;28873.62583;95.61269379;0.43778;45.86359024;11.80000019;67.261;23.0088501;463.7
Cyprus;2013;1.04907393;0.348;27044.30911;96.59719849;0.48218;47.52524185;15.86999989;67.137;21.15732384;438.72
Cyprus;2014;0.954614999;0.336;26834.01157;100.8515701;0.50835;53.10435104;16.09000015;67.031;18.98496246;431.16
Cyprus;2015;1.292004131;0.321;27897.95817;97.61321259;0.48059;60.10123062;14.90999985;66.946;20.10968971;423.94
Cyprus;2016;1.110931653;0.308;29643.83882;98.34835052;0.53442;67.17111206;12.94999981;66.881;;415.38
Cyprus;2017;0.593378741;0.291;30650.24479;98.94191742;0.56092;75.94081116;11.05000019;66.836;;423.81
Czechia;2003;1.591931972;0.246;16238.12794;91.58660889;1.14741;37.00822067;7.539999962;73.74;18.5;455.28
Czechia;2004;1.308664806;0.26;17014.69462;91.829422;1.14559;43.73418045;8.210000038;73.671;17.82151222;460.37
Czechia;2005;1.052819876;0.253;18112.86754;91.95054626;1.16835;48.34936142;7.929999828;73.602;15.10270882;444.11
Czechia;2006;1.262306395;0.253;19286.25598;99.21669006;1.23173;50.13668823;7.150000095;73.533;12.91312313;444.31
Czechia;2007;1.216505665;0.247;20242.09928;94.09143066;1.30228;54.1823616;5.320000172;73.463;11.92529488;425.68
Czechia;2008;1.093497174;0.251;20614.19769;94.98961639;1.23933;58.06951141;4.389999866;73.394;11.71592999;410.04
Czechia;2009;0.89624915;0.249;19542.46928;94.65381622;1.29438;61.07540894;6.659999847;73.324;11.05111408;416.14
Czechia;2010;0.977552917;0.252;19960.06849;86.63262939;1.33688;63.94588089;7.28000021;73.255;11.1552515;391.23
Czechia;2011;0.813892039;0.249;20269.48743;88.6150589;1.55571;65.57000732;6.710000038;73.185;11.2775135;369.42
Czechia;2012;0.992316447;0.246;20082.25119;92.17099762;1.78231;65.6711731;6.980000019;73.197;9.640522957;362.56
Czechia;2013;0.850137;0.251;20066.37559;96.78569031;1.89973;65.08576965;6.949999809;73.29;13.86602497;366.05
Czechia;2014;0.764792792;0.25;20498.70575;98.05776978;1.97285;65.62409973;6.110000134;73.384;11.71079445;371.86
Czechia;2015;0.830079829;0.251;21560.82623;98.93682861;1.92923;64.48162842;5.050000191;73.477;9.393271446;375.13
Czechia;2016;0.612117977;0.245;22065.46864;96.95422363;1.68015;63.7481308;3.950000048;73.57;;380.9
Czechia;2017;0.620240593;0.24;23144.40872;95.52796173;1.79079;64.07868958;2.890000105;73.675;;
Denmark;2003;1.20661567;0.239;56256.75574;;2.51085;67.50428009;5.400000095;85.36;29.11288071;192.17
Denmark;2004;0.795890392;0.239;57608.73722;;2.41916;74.39499664;5.199999809;85.566;28.90894699;194.02
Denmark;2005;0.977552986;0.237;58792.66044;;2.39337;80.37451172;4.829999924;85.856;25.83518982;195.76
Denmark;2006;0.532667878;0.252;60892.77158;;2.403;79.01963043;3.900000095;86.098;27.92471886;201.34
Denmark;2007;0.712990318;0.251;61174.54161;;2.51541;78.55219269;3.799999952;86.293;28.11810112;197.99
Denmark;2008;0.982223394;0.269;60504.77696;99.21456146;2.77346;75.68209076;3.680000067;86.487;34.27991867;195.34
Denmark;2009;0.850464924;0.269;57229.03987;97.11873627;3.05514;74.28376007;6.409999847;86.654;38.32303238;196.25
Denmark;2010;0.75609616;0.266;58041.39844;97.80104065;2.91707;73.59667206;7.75;86.795;35.72515106;199.53
Denmark;2011;0.823932738;0.265;58575.6078;99.70815277;2.94465;76.75834656;7.769999981;86.957;34.98860168;194.66
Denmark;2012;0.837653935;0.268;58487.79354;96.37104034;2.98125;79.10832214;7.800000191;87.142;28.51919556;192.43
Denmark;2013;0.85134278;0.277;58788.08416;97.55674744;2.97048;80.9310379;7.380000114;87.292;29.96822357;190.63
Denmark;2014;1.306451274;0.274;59437.94732;95.8318634;2.91409;81.02908325;6.929999828;87.41;29.75160408;187.02
Denmark;2015;1.089880895;0.277;60402.12964;97.59461212;3.05497;82.12949371;6.28000021;87.526;29.03527832;185.15
Denmark;2016;0.980504421;0.276;61877.97648;99.45043182;3.10401;81.05674744;5.989999771;87.642;;186.03
Denmark;2017;1.238600298;0.278;63215.99807;99.39810181;3.046;80.6160202;5.829999924;87.757;;188.82
Dominican Republic;2003;21.49075564;0.506;4096.116387;;;34.09830856;6.940000057;64.605;67;
Dominican Republic;2004;24.94862077;0.504;4143.281938;72.3968277;;;6.300000191;66.003;67.5;
Dominican Republic;2005;26.31561013;0.507;4472.712437;75.25054932;;;6.590000153;67.37;69.34502411;307.32
Dominican Republic;2006;23.25712323;0.525;4818.735123;;;;5.650000095;68.71;72.22222137;318.44
Dominican Republic;2007;22.60448175;0.495;5109.482859;80.47181702;;;5.159999847;70.02;66.02700043;
Dominican Republic;2008;25.31169384;0.489;5207.002623;85.7294693;;;4.760000229;71.3;65.23999786;
Dominican Republic;2009;24.79968123;0.496;5191.140357;82.16031647;;;5.46999979;72.542;64.45999908;
Dominican Republic;2010;25.51800045;0.48;5555.389722;83.52984619;;;5.210000038;73.753;65.65588379;
Dominican Republic;2011;25.60831466;0.484;5660.517067;76.53803253;;;6.090000153;74.827;64.30171204;
Dominican Republic;2012;22.83777247;0.469;5745.422745;75.78302765;;48.62900162;6.71999979;75.802;58.99574661;340.78
Dominican Republic;2013;19.6850668;0.484;5955.175904;77.92019653;0.3;;7.349999905;76.749;53.689785;
Dominican Republic;2014;17.80587893;0.449;6301.69627;77.73143768;;49.31927109;6.71999979;77.67;57.88000107;346.06
Dominican Republic;2015;;0.457;6661.865043;78.42523193;;51.74710846;7.610000134;78.566;62.08000183;
Dominican Republic;2016;15.54184189;0.435;7026.178157;84.5930481;;54.49900055;7.28000021;79.436;;
Dominican Republic;2017;11.56650967;0.433;7273.353765;85.38220215;;59.91558838;5.829999924;80.277;;
Ecuador;2003;14.48800786;0.601;3865.052877;57.29870987;0.05735;;5.659999847;61.316;65.24427795;
Ecuador;2004;17.57819539;0.513;4112.674443;58.56632996;;;5;61.514;59.73762894;250.5
Ecuador;2005;15.34084116;0.522;4258.421612;60.70466995;;;3.779999971;61.711;64.43070984;238.5
Ecuador;2006;16.9637649;0.52;4372.091869;62.37028885;0.12863;;3.549999952;61.907;62.45999908;274.76
Ecuador;2007;15.89893621;0.534;4393.724105;64.32952881;0.13194;;3.140000105;62.104;61.31999969;
Ecuador;2008;17.93510341;0.496;4596.145182;;0.22779;38.77502823;3.920000076;62.3;59.74000168;
Ecuador;2009;17.76720454;0.485;4547.509301;79.60019684;0.39463;;4.610000134;62.495;57.72000122;249.44
Ecuador;2010;17.47371981;0.49;4633.590358;84.94763184;0.40297;;4.090000153;62.69;55.26000214;245.33
Ecuador;2011;15.37665759;0.458;4921.848409;82.43829346;0.33991;;3.460000038;62.851;52.3599968;251.73
Ecuador;2012;12.4272179;0.468;5122.18009;83.96199036;0.33236;39.81666946;3.230000019;62.988;55.47054291;261.73
Ecuador;2013;10.98203384;0.47;5295.682696;91.2951889;0.3799;40.32244873;3.079999924;63.125;39.64070129;257.85
Ecuador;2014;8.21849177;0.449;5412.131646;98.23815918;0.44266;;3.480000019;63.261;39.59893417;273.28
Ecuador;2015;6.489011673;0.462;5330.539154;101.1498032;;44.89223099;3.619999886;63.398;36.39834213;
Ecuador;2016;5.839507769;0.45;5176.058803;100.4854965;;;4.599999905;63.534;;
Ecuador;2017;5.7907619;0.444;5205.76302;97.76213074;;;3.839999914;63.67;;
El Salvador;2003;55.9886221;0.501;2725.12836;72.6934967;;21.96147919;6.260000229;60.561;20.69000053;
El Salvador;2004;64.69337218;0.483;2735.838513;;;22.64764977;6.050000191;61.107;25.58000183;
El Salvador;2005;64.14277037;0.504;2796.759119;73.66628265;;22.94932938;7.21999979;61.648;28.24750519;274.8
El Salvador;2006;64.59524344;0.474;2905.126477;70.94586182;;23.19761086;6.570000172;62.187;31.45352364;275.32
El Salvador;2007;57.27331836;0.47;2946.378573;70.0670166;0.1056;24.28710938;6.409999847;62.774;36.82207489;282.15
El Salvador;2008;51.84476188;0.4688568;3009.333658;70.40786743;0.13399;25.11510086;5.880000114;63.678;35.89381409;287.52
El Salvador;2009;71.16318846;0.478;2934.151223;72.17697906;0.0909;25.60744095;7.329999924;64.57;34.60929489;315.87
El Salvador;2010;64.47411551;0.454;2983.229771;77.7057724;0.07806;26.11397934;4.889999866;65.452;34.21863556;332.97
El Salvador;2011;70.38004743;0.424;3083.739498;81.02259064;0.0355;27.18709946;4.300000191;66.325;29.08108902;343.81
El Salvador;2012;41.58436095;0.438;3156.624325;82.72879791;0.03397;28.02119064;3.839999914;67.187;27.19585609;346.94
El Salvador;2013;40.10484393;0.453;3212.701442;80.70025635;0.06387;28.35207939;3.690000057;68.036;22.38528061;355.44
El Salvador;2014;62.28630286;0.434;3252.594494;80.75428009;0.09377;27.86738968;4.150000095;68.874;20.41716766;365.29
El Salvador;2015;105.2311885;0.426;3314.700654;83.07595062;0.14348;27.97005081;4;69.7;26.88007355;365.11
El Salvador;2016;83.00639209;0.42;3382.522398;79.55857086;0.14515;27.91809082;4.420000076;70.501;;
El Salvador;2017;61.70825739;0.399;3441.313278;77.84938812;0.18115;28.58629036;4.389999866;71.275;;
Estonia;2003;10.7072308;0.374;12486.11263;;0.76777;64.39907837;11.28999996;68.989;29.61101532;258.78
Estonia;2004;6.673658118;0.341;13411.03955;100.281601;0.85193;66.18383789;10.25;68.862;24.00876236;258.06
Estonia;2005;8.335484823;0.331;14768.05675;104.5321121;0.92364;67.91280365;8.029999733;68.735;23.21995544;251.62
Estonia;2006;6.743872895;0.334;16299.15478;107.0850067;1.11666;67.86591339;5.909999847;68.607;24.24593925;240.03
Estonia;2007;7.141289672;0.309;17613.75324;;1.06884;67.67472839;4.590000153;68.479;26.50462914;241.67
Estonia;2008;6.417589568;0.314;16762.28453;103.6180115;1.25952;66.44184113;5.449999809;68.351;27.07877541;240.15
Estonia;2009;5.238971964;0.313;14370.5137;98.93314362;1.39541;66.63191986;13.55000019;68.223;23.51617432;238.25
Estonia;2010;5.254848912;0.319;14790.82092;97.65381622;1.58162;68.18450928;16.70999908;68.094;21.92749786;341.74
Estonia;2011;4.895680579;0.325;15940.15839;97.51712799;2.30655;70.36908722;12.32999992;67.965;22.70588303;337.65
Estonia;2012;4.761318145;0.329;16497.20913;100.7020035;2.12265;72.37506866;10.02000046;67.974;22.94582939;334.39
Estonia;2013;3.942177356;0.356;16778.90063;104.8426819;1.72216;73.9212265;8.630000114;68.122;21.97943497;319.94
Estonia;2014;3.114855353;0.348;17325.51861;105.2865372;1.42931;73.30776215;7.349999905;68.269;23.50032997;310.71
Estonia;2015;3.421194681;0.327;17633.59174;107.4186401;1.46604;72.1676178;6.190000057;68.416;24.76089287;297.79
Estonia;2016;2.506633083;0.316;18190.42198;107.962532;1.2468;71.39044952;6.760000229;68.563;;298.33
Estonia;2017;2.197987099;0.306;19167.52114;104.5354385;1.28867;69.63503265;5.760000229;68.717;;295.3
Finland;2003;1.970497633;0.255;42706.72121;;3.30214;86.94397736;10.47000027;82.638;13.12826157;158.56
Finland;2004;2.823255614;0.26;44282.85025;104.2698593;3.31494;89.51747131;10.35999966;82.772;13.33693314;157.33
Finland;2005;2.262816431;0.259;45358.34306;103.3986816;3.32976;91.67951965;8.380000114;82.905;13.34367657;156.63
Finland;2006;2.254859791;0.262;47004.37073;;3.33762;93.15744781;7.71999979;83.037;11.39963627;157.51
Finland;2007;2.435000126;0.263;49285.17005;99.877388;3.34577;93.75906372;6.849999905;83.168;13.82069016;153.94
Finland;2008;2.500257545;0.259;49440.85519;;3.54708;94.69184113;6.369999886;83.299;16.23229599;153.21
Finland;2009;2.246237832;0.254;45231.9411;96.35220337;3.74883;91.29065704;8.25;83.429;15.99331379;154.4
Finland;2010;2.217756063;0.258;46459.97325;97.75357056;3.72598;93.44780731;8.390000343;83.77;16.88466072;150.99
Finland;2011;2.040802696;0.259;47423.27263;98.72907257;3.63881;94.9199295;7.78000021;84.313;17.90085793;150.67
Finland;2012;1.625184749;0.254;46538.54824;97.87515259;3.41948;92.87734985;7.690000057;84.841;19.0865097;147.31
Finland;2013;1.636335021;0.256;45906.9198;98.66725922;3.28719;90.9941864;8.18999958;85.125;16.81335449;141.2
Finland;2014;1.611305505;0.252;45550.63234;98.16564941;3.16931;88.88166046;8.659999847;85.175;19.98093987;140.38
Finland;2015;1.496042421;0.254;45647.66859;100.0937729;2.89157;87.67987061;9.380000114;85.225;18.50079727;140.32
Finland;2016;1.346013998;0.253;46796.33735;99.84461212;2.74264;86.97852325;8.819999695;85.275;;137.1
Finland;2017;1.251956863;0.259;48213.38273;99.47028351;2.7569;88.1978302;8.640000343;85.325;;136.36
France;2003;1.638131016;0.282;38985.53585;;2.11994;52.31697845;8.31000042;76.632;42.48999786;
France;2004;1.631026352;0.277;39794.63551;;2.09461;53.45763016;8.909999847;76.883;38.42000198;
France;2005;1.596855295;0.273;40152.69286;89.91944122;2.05151;53.88233185;8.489999771;77.13;36.57733917;
France;2006;1.429060928;0.266;40850.35553;98.26522827;2.05094;53.87541962;8.449999809;77.377;31.64788818;318.63
France;2007;1.604998181;0.298;41582.7997;97.3445282;2.02451;52.94754028;7.659999847;77.621;27.50180054;316.31
France;2008;1.64123616;0.299;41456.48342;99.46753693;2.06117;52.47552109;7.059999943;77.868;25.59436035;312.08
France;2009;1.309501514;0.298;40058.67976;97.72740173;2.21207;52.77310181;8.739999771;78.117;25.24681091;305.67
France;2010;1.265912669;0.308;40638.334;96.58065033;2.17857;54.8817215;8.869999886;78.369;25.93485641;298.7
France;2011;1.353954161;0.305;41329.03536;97.19853973;2.19161;55.62572861;8.81000042;78.622;25.12695503;291.95
France;2012;1.233398208;0.301;41258.27473;98.71588135;2.22707;57.90901184;9.399999619;78.878;24.71609688;291.8
France;2013;1.216085744;0.292;41282.9908;97.29543304;2.23703;59.8487587;9.920000076;79.135;24.78121567;289.64
France;2014;1.233768813;0.292;41480.76961;97.22827148;2.27592;61.51047897;10.28999996;79.394;25.28896904;326.64
France;2015;1.570131652;0.293;41793.54471;96.09105682;2.26703;62.78593063;10.35000038;79.655;27.23237038;324.35
France;2016;1.351527094;0.288;42140.03688;98.45285034;2.22238;64.72767639;10.03999996;79.917;;329.48
France;2017;1.27077123;0.285;43015.21064;99.64927673;2.20557;65.80223083;9.399999619;80.18;;331.15
Georgia;2003;7.124439422;0.391;2069.081393;90.10459137;0.2176;45.85309982;11.51000023;52.83;45.72642517;
Georgia;2004;7.051900807;0.3617536;2202.571792;92.56154633;0.2442;45.78385162;12.61999989;53.218;58.70090103;
Georgia;2005;9.572087318;0.3737948;2429.172472;106.1359634;0.17658;51.37931061;13.81000042;53.605;55.98206329;174.28
Georgia;2006;7.709342052;0.4;2673.148274;107.4204025;;42.73038101;13.56999969;53.992;34.90041351;131.96
Georgia;2007;7.919632529;0.42;3025.141816;106.3827515;;41.81056976;13.27999973;54.379;24.5406189;198.42
Georgia;2008;6.348596357;0.43;3107.733714;97.42311096;;38.87020874;17.87000084;54.765;14.18082428;206.76
Georgia;2009;5.097718407;0.43;3020.998723;93.15206909;;28.88170052;20.70999908;55.15;14.49220753;225.08
Georgia;2010;4.561981471;0.44;3233.295943;99.6313324;;32.58370972;20.20000076;55.535;11.61965847;228.84
Georgia;2011;;0.46;3500.527489;;;34.78549957;19.62999916;55.919;6.274363518;
Georgia;2012;;0.44;3751.003471;103.4142532;;32.24253082;19.64999962;56.303;4.455010414;
Georgia;2013;;0.395;3898.554685;104.999588;0.08367;37.91400146;19.42000008;56.685;16.00131989;
Georgia;2014;2.676374306;0.44;4069.424495;97.99928284;0.1849;42.28091812;17.44000053;57.067;14.52950287;238.49
Georgia;2015;;0.43;4185.813871;101.77565;0.31982;46.48112869;16.51000023;57.448;13.5446682;
Georgia;2016;0.971246859;0.43;4304.896176;103.3818817;0.30104;51.83005142;16.60000038;57.837;;
Georgia;2017;;0.45;4512.761095;103.3293991;0.29104;56.8112793;13.93999958;58.231;;
Greece;2003;1.087452677;0.33;26349.27726;;0.54654;70.00507355;9.409999847;73.689;29.45221138;
Greece;2004;0.987984594;0.332;27614.40591;;0.5273;76.22245026;10.31000042;74.073;28.44530869;
Greece;2005;1.175967501;0.343;27698.51061;90.08999634;0.57896;85.31207275;9.989999771;74.452;31.15214729;367.44
Greece;2006;0.98343968;0.343;29176.39283;86.49993134;0.56118;90.0983429;9.010000229;74.827;29.55641174;373.13
Greece;2007;1.169025746;0.334;30054.88934;95.09723663;0.57655;87.39504242;8.399999619;75.199;26.14856148;361.24
Greece;2008;1.304310965;0.331;29874.74343;;0.66183;;7.760000229;75.568;27.41990471;359.07
Greece;2009;1.386953946;0.329;28514.81;;0.62557;;9.619999886;75.932;31.15980339;514.03
Greece;2010;1.616511935;0.335;26917.75895;98.71601868;0.59838;103.7962799;12.71000004;76.292;32.79617691;491.34
Greece;2011;1.699129584;0.343;24495.71111;95.45001221;0.67196;109.1592636;17.86000061;76.649;34.08927155;509.91
Greece;2012;1.539728854;0.344;22830.52672;95.72358704;0.69957;113.7406006;24.44000053;77.004;34.66933823;506.98
Greece;2013;1.424514555;0.345;22251.25731;92.64518738;0.81131;116.3768234;27.46999931;77.355;22.53998184;497.54
Greece;2014;0.99986357;0.342;22565.68044;89.20694733;0.8333;122.4020004;26.48999977;77.702;20.93575096;487.85
Greece;2015;0.872441787;0.343;22615.39456;94.03723907;0.96121;;24.89999962;78.046;26.31741524;493.14
Greece;2016;0.791319377;0.334;22666.2862;92.53220367;0.99394;131.540863;23.54000092;78.387;;499.86
Greece;2017;0.813665878;0.323;23052.98621;94.79083252;1.13109;136.6025696;21.48999977;78.724;;506.04
Guatemala;2003;33.89470116;0.51421334;2612.687815;;;;2.809999943;46.318;44.70000076;
Guatemala;2004;35.21939566;0.47684872;2638.350419;40.04302979;;;2.970000029;46.616;46.07900238;167.07
Guatemala;2005;40.76045042;;2668.357603;41.55612946;0.035;;;46.913;46.98678207;158.86
Guatemala;2006;43.92767288;0.558;2755.50694;45.36431885;0.0493;;1.899999976;47.21;47.45999908;160.33
Guatemala;2007;42.19607621;;2871.903483;47.09555054;0.06674;17.31848907;;47.508;47.90299988;135.13
Guatemala;2008;44.92225708;;2909.509715;49.17168045;0.06188;;;47.807;48.26499939;139.04
Guatemala;2009;45.38897788;;2870.311589;51.18574142;0.0553;;;48.104;48.57200241;158.05
Guatemala;2010;40.73703968;0.546;2898.942215;55.63240051;0.0435;;3.5;48.403;48.79799271;169.35
Guatemala;2011;38.00307075;0.5031;2965.153206;59.09265137;0.04814;;4.130000114;48.701;48.78119659;161.2
Guatemala;2012;33.75729351;;2999.422763;58.74863815;0.04471;;2.75999999;49;48.7644043;160.9
Guatemala;2013;33.68209984;;3056.152684;56.77069092;0.03854;19.59235001;3.019999981;49.311;50.25097656;175.84
Guatemala;2014;31.38808828;0.535;3137.260291;58.4344101;0.02905;18.18087959;2.720000029;49.634;49.64500046;193.69
Guatemala;2015;29.39868973;;3210.86967;61.69871902;0.02988;21.78329086;2.50999999;49.971;49.79999924;
Guatemala;2016;27.25669943;;3242.636929;62.63901901;0.02224;;2.579999924;50.319;;
Guatemala;2017;26.07156651;;3286.741283;56.93645096;0.028;;2.460000038;50.68;;
Iceland;2003;0;0.241;38928.98877;100.654068;2.70912;62.39247894;4;92.789;7.339449406;278.82
Iceland;2004;1.030566606;0.251;41692.09632;111.9232635;;68.21237946;4.03000021;92.914;7.826086998;271.48
Iceland;2005;1.017031894;0.263;43635.01545;106.0992889;2.68614;69.88067627;2.549999952;93.037;15.12605095;270.85
Iceland;2006;0;0.28;44859.83257;108.1711197;2.8939;72.12460327;2.829999924;93.159;15.12605095;273.67
Iceland;2007;0.655348793;0.273;47835.38263;97.56732941;2.54913;71.11840057;2.25;93.278;10.43478203;271.15
Iceland;2008;0;0.296;47889.38495;96.80584717;2.48745;73.74511719;2.950000048;93.395;10;263.34
Iceland;2009;0.316398624;0.257;44491.73451;96.37294769;2.59511;74.4150238;7.21999979;93.511;16.89189148;263.92
Iceland;2010;0.624332744;0.236;43024.92349;93.53099823;;78.8184433;7.559999943;93.574;7.784431458;207.19
Iceland;2011;0.927440172;0.24;43700.79298;92.93816376;2.41367;81.4707489;7.03000021;93.587;8;199.38
Iceland;2012;0.307085695;0.24;44032.42519;96.73960876;;81.95588684;6;93.6;16.99346542;199.39
Iceland;2013;0.305629076;0.227;45420.99102;96.65989685;1.70204;80.29685211;5.380000114;93.633;8.552631378;199.39
Iceland;2014;0.608657545;0.247;45853.96343;99.09365845;1.94811;81.43798065;4.900000095;93.667;12.19999981;189.06
Iceland;2015;0.908438485;0.241;47533.69924;99.00920105;2.20315;75.76605988;3.980000019;93.7;15.5;198.18
Iceland;2016;0.301015325;0.252;49985.10309;102.50354;2.11766;73.60044098;2.980000019;93.735;;193.37
Iceland;2017;0.897142601;0.232;51045.94005;98.93515778;2.10444;71.84500885;2.74000001;93.773;;194.01
Ireland;2003;0.929630256;0.311;48236.96276;98.32364655;1.12451;55.84616852;4.480000019;59.925;17.16140938;301.93
Ireland;2004;0.739256569;0.317;50546.49119;97.86054993;1.17866;58.92190933;4.489999771;60.202;14.35800171;300.86
Ireland;2005;1.255669226;0.323;52276.24467;99.32318115;1.19281;58.86931992;4.340000153;60.477;15.8173399;296.16
Ireland;2006;1.465506584;0.324;53466.06632;98.51204681;1.19836;58.44118118;4.409999847;60.738;17.30519485;306.17
Ireland;2007;1.803614582;0.317;54708.07084;98.52217865;1.23325;58.30199051;4.980000019;60.94;18.59821701;318.03
Ireland;2008;1.154925042;0.306;51202.35949;97.79070282;1.38766;54.01747131;6.769999981;61.141;17.13547707;326.34
Ireland;2009;1.179200155;0.293;48110.55176;98.67719269;1.6082;56.50397873;12.60999966;61.342;14.45191383;323.63
Ireland;2010;1.207641958;0.314;48715.17691;99.9087677;1.59153;63.12643814;14.52999973;61.542;14.682724;315.7
Ireland;2011;0.914810455;0.311;48669.78591;100.3377838;1.56058;67.79859161;15.35000038;61.742;14.37381363;302.64
Ireland;2012;1.12842349;0.317;48573.37744;;1.56119;68.19725037;15.44999981;61.942;11.61651516;291.32
Ireland;2013;1.104990092;0.318;48971.3698;;1.5658;71.69954681;13.72999954;62.141;15.01956844;283.71
Ireland;2014;1.123874289;0.321;52774.50138;100.8499298;1.52307;73.81323242;11.85999966;62.34;11.62298107;276.62
Ireland;2015;0.666319894;0.308;65432.73472;98.85193634;1.18267;77.23214722;9.909999847;62.538;15.81890869;
Ireland;2016;0.787939835;0.307;67077.74389;99.40218353;1.16892;77.55713654;8.369999886;62.737;;
Ireland;2017;0.862562091;0.315;71755.96739;100.1121979;;77.78061676;6.710000038;62.947;;
Israel;2003;2.723635132;;26360.08976;100.7847672;3.89787;57.40143967;13.51000023;91.393;22.39123344;351.07
Israel;2004;2.485730111;;26982.30625;105.1709518;3.87732;57.13031006;13.02999973;91.456;25.27859879;339.13
Israel;2005;2.588265204;0.3644;27547.82541;101.8271027;4.05153;58.74306107;11.34000015;91.518;19.83182907;
Israel;2006;2.290199399;;28571.13325;98.31723785;4.14236;58.33285141;10.71000004;91.58;27.56463051;416.49
Israel;2007;1.971623806;0.3639;29688.67134;101.168457;4.42769;61.21480179;9.380000114;91.641;36.48457718;416.62
Israel;2008;1.709199138;0.371;30039.83704;97.06613159;4.34517;60.42398834;7.699999809;91.702;35.8456955;388.86
Israel;2009;2.002771335;0.373;29601.42505;95.44660187;4.13326;63.14921188;9.529999733;91.763;28.74450111;388
Israel;2010;2.041803615;0.3612;30693.59306;99.32250977;3.93984;65.92613983;8.479999542;91.826;21.64330673;377.32
Israel;2011;1.96337832;0.377;31572.90343;97.16394043;4.01151;66.58563232;7.139999866;91.892;23.07692337;362.33
Israel;2012;1.680904894;0.3512;31695.00642;99.23238373;4.15735;68.57462311;6.860000134;91.96;25.22300529;
Israel;2013;1.641922761;0.36;32399.46516;102.1725998;4.09218;67.0438385;6.210000038;92.031;28.6781311;
Israel;2014;1.375057676;0.3625;32977.96084;101.0195313;4.16793;66.94252014;5.889999866;92.104;25.23458862;
Israel;2015;1.378705962;0.36;33071.4121;106.7838211;4.25592;65.4868927;5.25;92.179;23;
Israel;2016;1.282528119;0.3719;33720.76448;102.5685272;4.50574;64.90019989;4.800000191;92.256;;
Israel;2017;1.492021506;0.344;34243.01258;102.7053986;4.81602;63.35469055;4.21999979;92.336;;
Italy;2003;1.249031762;0.329;36942.93938;102.3036728;1.06198;58.67721939;8.869999886;67.501;37.84663391;561.94
Italy;2004;1.232130208;0.351;37227.14794;103.7757187;1.05312;62.24298096;7.869999886;67.62;36.38472366;561.94
Italy;2005;1.04664953;0.321;37347.63593;103.6851883;1.04709;64.43843079;7.730000019;67.738;37.09012604;564.53
Italy;2006;1.067598291;0.337;37902.30709;104.8575516;1.08696;66.10780334;6.78000021;67.856;55.64909744;554.02
Italy;2007;1.074081641;0.312;38272.2041;101.7800064;1.1327;66.68296814;6.079999924;67.974;56.71971893;383.88
Italy;2008;1.043750703;0.327;37653.748;99.28079224;1.16367;66.34359741;6.71999979;68.092;50.760746;381.99
Italy;2009;0.998212996;0.317;35503.15103;99.49027252;1.22126;66.54997253;7.75;68.209;45.85048294;496.72
Italy;2010;0.891694785;0.325;36000.52012;100.7726135;1.22311;65.77429962;8.359999657;68.327;21.84571838;465.67
Italy;2011;0.926344378;0.324;36192.86638;103.9707336;1.20984;65.56311798;8.359999657;68.444;21.54262733;467.3
Italy;2012;0.885111389;0.328;35019.47189;103.0208969;1.27087;64.13355255;10.64999962;68.684;20.18568802;462.18
Italy;2013;0.834346793;0.324;33978.55177;103.2841568;1.30768;62.29616165;12.14999962;68.979;18.88861084;459.58
Italy;2014;0.78629858;0.324;33666.69191;103.7293167;1.34301;61.70275116;12.68000031;69.272;18.88208961;
Italy;2015;0.774202209;0.331;33961.43619;99.97075653;1.34115;60.93946075;11.89999962;69.565;17.54914856;451.22
Italy;2016;0.659379773;0.327;34459.20572;98.88941193;1.37124;60.93732834;11.68999958;69.855;;452.75
Italy;2017;0.611467632;0.334;35086.4783;98.97453308;1.37744;61.93299866;11.21000004;70.144;;
Kazakhstan;2003;13.18539117;0.315;6107.70885;94.51477814;0.25246;;8.779999733;56.317;15.10999966;376.83
Kazakhstan;2004;13.71146102;0.305;6647.692572;96.04164124;0.24837;;8.399999619;56.39;15.52000046;410.74
Kazakhstan;2005;;0.304;7227.982949;94.99085999;0.28361;;8.130000114;56.463;15.56807041;440.84
Kazakhstan;2006;;0.312;7917.194825;95.72866821;0.24281;58.19260025;7.789999962;56.536;16.11438751;435.88
Kazakhstan;2007;;0.309;8523.766205;95.41655731;0.20884;;7.260000229;56.609;16.39259911;441.02
Kazakhstan;2008;11.39191556;0.288;8641.670034;95.56479645;0.21654;;6.630000114;56.682;16.67080879;260.15
Kazakhstan;2009;11.03907214;0.267;8573.708294;101.3132477;0.22924;;6.550000191;56.755;16.43330956;257.34
Kazakhstan;2010;8.534190879;0.278;9070.488253;101.7517166;0.15341;46.24797058;5.769999981;56.827;15.4207468;237.84
Kazakhstan;2011;8.610930218;0.29;9603.244075;98.33863068;0.15349;48.70264816;5.389999866;56.9;15.45920086;239.57
Kazakhstan;2012;7.557521785;0.284;9923.421617;97.16124725;0.16525;51.60951996;5.289999962;56.973;15.44722652;240.28
Kazakhstan;2013;6.578128966;0.276;10368.49869;103.0393677;0.17132;50.44258881;5.199999809;57.046;15.77095127;236.33
Kazakhstan;2014;5.224642582;0.278;10646.03446;105.7636795;0.16722;48.80432129;5.059999943;57.118;15.27302074;241.48
Kazakhstan;2015;4.854310918;0.278;10617.47466;109.1378479;0.16951;46.37350845;4.929999828;57.191;13.83150482;247.41
Kazakhstan;2016;;0.278;10582.70087;116.6813889;0.14179;46.61611938;4.960000038;57.264;;
Kazakhstan;2017;5.06083427;0.287;10867.73874;110.8607407;0.12972;50.1461792;4.900000095;57.336;;
Lithuania;2003;10.07507395;0.325;8934.259038;96.52514648;0.66339;69.63041687;12.86999989;66.737;16.8919754;348.86
Lithuania;2004;10.14452548;0.363;9628.719101;;0.75066;74.90138245;10.68000031;66.646;15.80307674;340.91
Lithuania;2005;11.12354037;0.35;10543.54796;;0.74741;79.72981262;8.319999695;66.635;13.85031319;335.41
Lithuania;2006;8.718477633;0.338;11507.50417;;0.79119;82.45317841;5.78000021;66.706;12.34063625;342.14
Lithuania;2007;8.499581465;0.345;12938.4911;;0.80093;82.51583099;4.25;66.777;12.1408596;342.84
Lithuania;2008;9.275204981;0.359;13414.01182;;0.78844;85.74508667;5.829999924;66.848;12.22499943;342.92
Lithuania;2009;7.956378837;0.37;11551.10694;;0.82967;89.25216675;13.78999996;66.842;13.95724964;345.97
Lithuania;2010;7.010635999;0.33;11990.66302;;0.78348;86.5725708;17.80999947;66.757;13.08677006;343.73
Lithuania;2011;6.843090846;0.32;13005.20609;103.0432587;0.9039;84.05558777;15.39000034;66.741;13.57862949;321.96
Lithuania;2012;6.632603977;0.346;13687.45952;102.8973923;0.89469;79.75163269;13.35999966;66.864;12.11840916;312.87
Lithuania;2013;6.58039481;0.35;14317.53814;106.4439087;0.95088;73.53320313;11.77000046;66.986;12.0721302;312.93
Lithuania;2014;5.350836514;0.379;14951.96081;100.8206787;1.03048;70.40061188;10.69999981;67.108;10.0509491;319.22
Lithuania;2015;5.866558977;0.37;15398.86191;101.0195694;1.04095;69.74053955;9.119999886;67.23;9.68048954;304.06
Lithuania;2016;5.294932957;0.376;15988.61387;101.3227768;0.84329;71.11852264;7.860000134;67.366;;290.03
Lithuania;2017;4.53360296;0.369;16908.1265;97.99810028;0.89808;72.41745758;7.070000172;67.516;;289.31
Luxembourg;2003;0.670665322;0.265;97678.45996;;1.62595;12.18661976;3.680000067;85.743;42.91999817;
Luxembourg;2004;0.442652195;0.265;99778.47008;;1.60262;;5.110000134;86.177;43.13000107;
Luxembourg;2005;0.873652391;0.278;101380.7749;;1.57171;;4.489999771;86.598;40.40404129;
Luxembourg;2006;1.503400908;0.274;104943.4393;97.5531311;1.66674;10.33119965;4.730000019;87.009;47.89115906;318.45
Luxembourg;2007;1.473941763;0.277;111968.3493;96.21621704;1.59123;;4.070000172;87.409;44.39945984;319.79
Luxembourg;2008;1.648115071;0.292;108577.3513;94.97779083;1.62293;10.60733986;5.059999943;87.8;43.96325302;320.62
Luxembourg;2009;1.006976332;0.279;101939.613;;1.6775;;5.119999886;88.178;43.87464523;322.54
Luxembourg;2010;1.96893028;0.272;104965.3061;102.0046387;1.50257;18.2652092;4.360000134;88.547;46.69603348;325.79
Luxembourg;2011;0.770249869;0.28;105264.7494;103.4218674;1.46277;;4.900000095;88.906;41.44426727;328.32
Luxembourg;2012;0;0.304;102404.6121;109.6427383;1.27267;19.43219948;5.139999866;89.249;42.94294357;326.93
Luxembourg;2013;0.184313451;0.287;103721.7481;99.05397034;1.30266;;5.849999905;89.574;40.70121765;324.49
Luxembourg;2014;0.721354993;0.285;105658.5207;97.01216888;1.26404;;5.849999905;89.884;48.56230164;320.72
Luxembourg;2015;0.882237212;0.296;107638.2123;97.20722198;1.28405;19.77630997;6.670000076;90.179;45.44138718;334.74
Luxembourg;2016;0.863161311;0.292;110162.1216;98.72927094;1.29524;19.56393051;6.289999962;90.46;;334.72
Luxembourg;2017;0.337886923;0.313;109452.96;95.33415222;1.30327;19.15176964;5.519999981;90.727;;336.49
Malta;2003;0;;18818.47403;93.54055023;0.23707;30.51888084;7.489999771;93.16;28.77697945;460.1
Malta;2004;1.737748871;0.27;18718.727;96.31890869;0.49256;26.88837051;7.320000172;93.407;29.19463158;440.45
Malta;2005;0.988486602;0.271;19229.12762;97.54386139;0.52996;32.34326935;6.920000076;93.645;25.51020432;441.73
Malta;2006;0;0.263;19640.11945;99.66507721;0.58025;30.63241959;6.800000191;93.784;23.46666527;432.27
Malta;2007;0.980743109;0.281;20506.23598;98.68327332;0.5485;33.60277176;6.46999979;93.857;25.70614243;473.77
Malta;2008;1.465226512;0.274;21152.79766;96.94891357;0.53331;32.41836929;5.980000019;93.929;27.94561958;460.64
Malta;2009;0.971914112;0.286;20755.8803;93.92540741;0.5174;35.51165009;6.889999866;94.001;36.03238678;448.3
Malta;2010;0.965584166;0.272;21799.17439;100.0380173;0.60667;37.38576126;6.849999905;94.072;39.89725876;463.29
Malta;2011;0.71818443;0.271;21808.38919;101.1575394;0.6738;39.9992981;6.380000114;94.141;34.76027679;460.05
Malta;2012;2.844889512;0.28;22503.13188;103.4349518;0.82618;42.47919846;6.199999809;94.211;29.05982971;450.71
Malta;2013;1.642637231;0.277;23403.88831;97.87516785;0.77238;43.89136887;6.110000134;94.279;31.86991882;455.87
Malta;2014;1.39473256;0.281;24692.43053;101.234848;0.71197;44.33583832;5.71999979;94.347;23.75215149;501.16
Malta;2015;0.922596463;0.286;26426.68177;95.36203766;0.74085;47.12258148;5.380000114;94.414;22.12389374;498.16
Malta;2016;1.146528655;0.282;26833.7949;100.4433517;0.56749;48.60340881;4.690000057;94.48;;
Malta;2017;2.055099501;0.287;28201.52271;107.2094803;0.58275;54.25991821;4;94.546;;
Mauritius;2003;3.225827797;;6162.115607;78.0508194;0.32604;16.55583954;5.900000095;42.335;38.15738678;875.93
Mauritius;2004;2.879075537;;6388.746469;76.99211884;0.36818;17.82485962;8.340000153;42.223;34.99222565;858.55
Mauritius;2005;3.027798463;;6463.922791;80.51870728;0.36053;21.35362053;9.520000458;42.112;34.55045319;923.9
Mauritius;2006;4.071366163;0.3565342;6746.886623;77.9047699;;23.5989399;9.039999962;42;22.60947227;842.75
Mauritius;2007;3.647002569;0.388;7100.861823;78.34938049;;24.63669014;8.479999542;41.889;28.87323761;876.26
Mauritius;2008;3.873272964;;7456.369246;83.9018631;;27.31846046;7.170000076;41.777;30.04545593;951.98
Mauritius;2009;3.054672202;;7683.124925;84.05705261;;32.1644783;7.260000229;41.666;32.00503159;894.37
Mauritius;2010;2.644330355;;8000.376432;81.94317627;;33.69147873;7.650000095;41.555;35.19804001;884.46
Mauritius;2011;2.557802336;;8313.271254;84.68097687;;35.39315033;7.449999809;41.444;36.5853653;856.04
Mauritius;2012;2.233765115;0.384654;8580.085649;82.34026337;0.17773;38.90373993;7.46999979;41.332;35.6884079;
Mauritius;2013;2.787827231;;8848.887032;84.594841;;40.04367828;7.320000172;41.222;39.50431824;
Mauritius;2014;1.511113444;;9163.633473;85.88204956;;39.12630844;7.46999979;41.111;38.80000305;
Mauritius;2015;1.66738523;;9476.665389;84.16783142;;37.41527939;7.409999847;41;38.79000092;
Mauritius;2016;1.664196787;;9833.613132;88.49002838;;38.84852982;6.809999943;40.91;;
Mauritius;2017;2.609733356;0.3676121;10199.47936;84.17671204;0.36636;40.59603882;6.75;40.841;;
Mexico;2003;9.785506585;;8967.02919;77.86756134;0.39314;22.88397026;3.460000038;75.682;43.17425156;
Mexico;2004;8.925997121;0.505;9190.741592;80.13591003;0.38816;23.66081047;3.940000057;75.997;41.03277588;
Mexico;2005;9.358974931;0.528;9270.656542;82.11016846;0.39844;24.21640015;3.559999943;76.308;42.17753601;
Mexico;2006;9.717353048;0.5;9547.333571;81.82424164;0.36922;24.79043007;3.569999933;76.616;42.49768066;
Mexico;2007;8.122157319;;9622.047957;82.30123901;0.39833;25.42106056;3.630000114;76.92;41.05421066;
Mexico;2008;12.63905213;0.513;9587.636339;82.37143707;0.44387;26.11203003;3.869999886;77.222;36.27351379;
Mexico;2009;17.60831917;;8947.741474;84.53265381;0.47954;26.58672905;5.360000134;77.52;31.49281502;376.4
Mexico;2010;22.57545056;0.51;9271.398233;85.08161926;0.49485;27.56347084;5.300000191;77.815;34.19444275;368.73
Mexico;2011;23.52123248;;9477.887185;85.3558197;0.47129;28.34149933;5.170000076;78.111;34.93904114;372.74
Mexico;2012;22.14213334;0.499;9690.869065;85.37721252;0.42096;29.4718399;4.889999866;78.405;37.4733429;365.81
Mexico;2013;19.40886275;;9693.722969;86.93408966;0.42503;30.30003929;4.909999847;78.699;35.53277969;382.17
Mexico;2014;16.62579637;0.502;9843.398439;87.26725769;0.43549;31.0941391;4.809999943;78.993;48.62753677;336.27
Mexico;2015;17.03782865;;10042.13896;92.96433258;0.42986;31.8190403;4.309999943;79.285;44.7468605;333.99
Mexico;2016;19.91269533;0.504;10183.03307;96.01551819;0.38801;38.43338013;3.859999895;79.577;;329.99
Mexico;2017;25.7089978;;10277.88352;97.19029999;0.32829;40.22895813;3.420000076;79.867;;355.56
Morocco;2003;1.71239293;;2235.418678;40.24610138;0.63071;10.87427998;11.92000008;54.317;64.83000183;146.71
Morocco;2004;1.560673887;;2315.186662;41.84627151;;11.05185986;10.82999992;54.644;58.65999985;146.68
Morocco;2005;1.539948547;;2363.444676;;;11.78689003;11.01000023;55.174;55.7713089;135.24
Morocco;2006;1.616637;0.407183;2512.862411;46.96326065;0.60789;12.41674042;9.670000076;55.746;51.57482147;142.36
Morocco;2007;1.65898304;0.407;2571.26444;51.2342186;;11.9726696;9.56000042;56.317;47.37833786;146.96
Morocco;2008;1.350802572;;2691.267812;54.09896851;;13.14554024;9.569999695;56.886;48.92589569;153.45
Morocco;2009;1.352998287;;2771.046755;59.32345963;;13.6779604;8.960000038;57.452;51.00498962;163.17
Morocco;2010;1.394411914;;2839.925168;59.96781921;0.71454;14.5676403;9.090000153;58.018;46.96425629;
Morocco;2011;1.345256187;;2948.84549;61.53364944;;16.37496948;8.909999847;58.581;46.56383896;
Morocco;2012;1.152160445;;2995.452357;63.30104065;;19.45047951;8.989999771;59.142;46.16342545;168.39
Morocco;2013;1.272404062;0.3954851;3087.123497;65.83206177;;22.64127922;9.229999542;59.7;43.11922836;
Morocco;2014;1.038243692;0.388;3125.079481;68.49060059;;25.33263016;9.699999809;60.256;42.46273804;
Morocco;2015;1.243378935;;3222.054178;70.65762329;;28.40354919;9.460000038;60.809;41.01081848;
Morocco;2016;1.691041868;;3212.815395;67.97007751;;31.9865799;9.300000191;61.36;;
Morocco;2017;2.138766486;;3305.41922;65.01004028;;33.78467941;;61.908;;
Norway;2003;1.1159503;0.252;83941.36558;97.29209137;1.68036;79.06717682;4.21999979;77.084;22.00567055;176.41
Norway;2004;0.782913351;0.282;86759.14196;100.7738113;1.54506;79.22766876;4.260000229;77.399;18.52362823;177.66
Norway;2005;0.712380021;0.292;88432.62012;102.1194229;1.48317;78.52335358;4.380000114;77.675;16.8769722;161.55
Norway;2006;0.70618658;0.237;89828.42517;102.9471283;1.45598;77.67086029;3.400000095;77.95;15.64806557;160.67
Norway;2007;0.635673622;0.251;91565.7334;102.1820679;1.56401;75.48996735;2.49000001;78.234;16.68601418;158.17
Norway;2008;0.712636769;0.241;90862.39971;100.1969528;1.55346;72.59346771;2.549999952;78.526;17.19873428;157.3
Norway;2009;0.600806282;0.236;88174.15788;97.61901093;1.72279;73.17961884;3.099999905;78.815;17.27544975;158.42
Norway;2010;0.593547362;0.229;87693.79007;97.76789093;1.64855;73.49385834;3.519999981;79.102;21.74522972;157.27
Norway;2011;2.243178766;0.225;87413.177;99.09300995;1.62534;73.66792297;3.210000038;79.455;22.86601067;157.22
Norway;2012;0.538522724;0.227;88604.57465;100.489563;1.61858;73.57134247;3.119999886;79.874;22.45804596;158.38
Norway;2013;0.905608076;0.235;88444.89498;99.97535706;1.65004;76.50003052;3.420000076;80.286;24.83845901;162.39
Norway;2014;0.563953383;0.239;89175.49955;97.12915802;1.71187;77.54350281;3.480000019;80.692;24.73799515;167.31
Norway;2015;0.461553817;0.25;90029.35564;99.65187836;1.93095;77.9589386;4.300000191;81.091;24.73799515;
Norway;2016;0.51419267;0.261;90195.96368;101.0667572;2.03074;80.54653931;4.679999828;81.485;;
Norway;2017;0.528668563;0.248;91549.03787;98.49141693;2.09343;81.99234772;4.159999847;81.871;;
Panama;2003;10.50153067;0.569;5558.096499;;0.32109;44.25814056;13.61999989;63.091;56.31999969;
Panama;2004;9.420815598;0.563;5865.941644;45.46615982;0.22646;43.32767868;12.43999958;63.387;57.3116951;
Panama;2005;10.93020225;0.55;6172.866331;47.47518158;0.23183;42.09386063;10.32999992;63.682;59.28886032;
Panama;2006;6.515958349;0.562;6585.456941;65.75624084;0.23537;43.11624908;9.109999657;63.976;58.68405533;329.69
Panama;2007;8.078360678;0.539;7242.248874;65.91190338;0.18172;43.25215912;6.78000021;64.268;58.39204025;359.79
Panama;2008;14.02080198;0.528;7814.537245;65.92196655;0.19065;43.38064957;4.869999886;64.56;70.91324615;318.6
Panama;2009;15.70176701;0.53;7772.388756;67.99829865;0.1321;43.31845093;6.559999943;64.851;83.43445587;375.89
Panama;2010;12.62802692;0.528;8082.028459;69.93414307;0.14453;44.25146866;3.710000038;65.14;63.53850937;332.94
Panama;2011;14.811901;0.528;8841.561277;70.36273193;0.17304;42.17169189;2.309999943;65.437;68.72870636;338.88
Panama;2012;16.89370623;0.5173996;9541.060213;74.1905899;0.07534;43.93133163;2.390000105;65.741;66.49402618;517.37
Panama;2013;17.28612076;0.524;10027.34623;;0.06206;;2.299999952;66.052;59.84000015;442.03
Panama;2014;15.48197516;0.519;10357.50418;;0.14052;44.53678894;2.720000029;66.371;57.88999939;
Panama;2015;11.86849406;0.499;10765.91029;;0.12033;47.26562881;3;66.696;56.40895844;
Panama;2016;10.03202072;0.495;11107.22333;;0.14481;47.79935837;3.309999943;67.027;;
Panama;2017;9.666978672;0.505;11530.07126;76.80484772;0.14699;;3.900000095;67.365;;
Paraguay;2003;22.81206956;0.56;3489.681041;68.85843658;0.06135;24.86856079;6.809999943;56.977;78.01000214;
Paraguay;2004;21.09742929;0.532;3569.447438;69.62046814;0.06066;25.07529068;6.510000229;57.305;75.01999664;
Paraguay;2005;15.22983399;0.528;3587.045387;86.43643951;0.06091;25.65633011;4.820000172;57.633;72.40885162;
Paraguay;2006;12.54817179;0.534;3702.822918;;;;5.28000021;57.96;73.64302063;
Paraguay;2007;13.05341564;0.548;3848.118983;80.46382141;;28.71702957;4.710000038;58.286;67.25587463;278.61
Paraguay;2008;13.69773811;0.529;4037.053137;79.33779144;0.0412;34.06595993;4.420000076;58.612;67.77129364;299.42
Paraguay;2009;13.31933802;0.512;3972.630274;68.76268005;;36.67164993;5.460000038;58.937;67.32015991;305.08
Paraguay;2010;11.85976287;0.533;4355.934939;69.94155121;;34.63021088;4.570000172;59.261;64.70872498;263.68
Paraguay;2011;10.37262347;0.546;4479.398934;71.6761322;0.04221;;4.670000076;59.584;71.42857361;272.29
Paraguay;2012;10.10665716;0.502;4394.543881;73.37699127;0.06515;;4.090000153;59.907;69.36782837;263.19
Paraguay;2013;9.277644732;0.522;4699.493714;;;;4.380000114;60.197;72.29502869;251.34
Paraguay;2014;8.75820741;0.536;4861.287099;;0.07921;;5.03000021;60.474;78.05844879;251.18
Paraguay;2015;9.224449546;0.494;4944.191641;;0.09687;;4.559999943;60.75;76.96960449;242.68
Paraguay;2016;9.870345852;0.497;5089.61202;;0.11688;;5.25;61.026;;
Paraguay;2017;7.878191796;0.503;5272.360812;;0.14883;;4.610000134;61.3;;
Philippines;2003;7.749364645;0.4149466;1760.036308;72.16313171;0.12994;29.07217979;3.529999971;45.88;65.23000336;
Philippines;2004;7.489032298;;1838.933108;81.67015839;;28.3604908;3.549999952;45.795;63.50821686;139.42
Philippines;2005;7.453121067;;1893.703335;78.7258606;0.11143;27.51806068;3.799999952;45.71;63.50630569;131.55
Philippines;2006;7.054378735;0.4285884;1958.925759;75.54032135;;27.8425293;4.050000191;45.625;63.5043869;132.45
Philippines;2007;6.668494892;;2051.233094;68.10331726;0.10963;;3.430000067;45.54;61.96617508;129.54
Philippines;2008;6.402501719;;2105.112945;80.60561371;;29.15916061;3.720000029;45.455;60.42796326;130.79
Philippines;2009;9.833990702;0.4176034;2100.656464;77.58297729;0.11396;28.48962021;3.859999895;45.371;59.8182373;134.99
Philippines;2010;9.200059459;;2217.474009;;;29.56384087;3.609999895;45.332;59.20851135;142.95
Philippines;2011;8.882489953;;2264.394087;;0.11726;30.79600906;3.589999914;45.522;60.95138931;149.77
Philippines;2012;8.727260249;0.4222433;2379.668184;;;31.20648003;3.5;45.712;62.16388321;151.41
Philippines;2013;9.257465125;;2497.685925;;0.13793;33.52278137;3.5;45.903;63.07349014;145.67
Philippines;2014;9.706193928;;2612.856881;81.00196838;;35.62688828;3.599999905;46.093;64.07190704;146.96
Philippines;2015;9.446378562;0.403515;2735.187532;;0.16415;;3.069999933;46.284;68.32865143;158.56
Philippines;2016;10.9768296;;2886.897485;;;;2.700000048;46.475;;163.42
Philippines;2017;8.391893955;;3042.68678;78.20432281;;35.47546005;2.549999952;46.682;;173.19
Poland;2003;1.722082833;0.314;9150.970542;94.27675629;0.53884;59.48310089;19.37000084;61.676;23.00677299;259.92
Poland;2004;1.648456689;0.356;9612.570059;96.45880127;0.55251;61.05693817;19.06999969;61.564;18.73258018;262.42
Poland;2005;1.446481853;0.333;9954.041963;96.49990845;0.56281;63.5945816;17.75;61.452;16.25095749;262.33
Poland;2006;1.277557202;0.322;10571.03541;;0.55082;65.36472321;13.84000015;61.341;16.38591003;258.34
Poland;2007;1.368850832;0.32;11323.66135;;0.56189;67.21199799;9.600000381;61.229;13.27748585;256.4
Poland;2008;0.849914797;0.318;11797.64186;;0.59921;70.22705078;7.119999886;61.116;11.05580235;262.38
Poland;2009;1.009075842;0.311;12123.55476;;0.66097;72.31266785;8.170000076;61.004;11.633955;258.02
Poland;2010;1.001831891;0.311;12613.011;;0.7207;74.75524902;9.640000343;60.892;10.69659615;254.46
Poland;2011;1.102206858;0.309;13205.98967;;0.74588;74.6585083;9.630000114;60.78;10.27018547;254.59
Poland;2012;1.069923475;0.307;13380.9866;;0.88086;73.9614563;10.09000015;60.654;8.605296135;251.97
Poland;2013;0.799307239;0.308;13539.79561;93.8948822;0.87053;71.85639954;10.32999992;60.529;8.554855347;256.2
Poland;2014;0.753456943;0.306;14007.7285;94.16870117;0.93978;68.44716644;8.989999771;60.403;8.190612793;259.54
Poland;2015;0.783507926;0.298;14610.8752;95.03196716;1.00325;66.94615173;7.5;60.278;6.053893089;260.01
Poland;2016;0.684404717;0.292;15076.38884;96.85803986;0.9641;67.00454712;6.159999847;60.178;;263.2
Poland;2017;0.756194949;0.278;15802.70479;97.6949234;1.03445;67.82743835;4.889999866;60.105;;260.25
Romania;2003;3.204360435;0.289;5800.887388;85.68486786;0.39708;38.13055038;6.949999809;52.912;15.66507053;210.36
Romania;2004;2.256939858;0.3003937;6442.414091;87.20478821;0.38942;42.21371841;7.71999979;53.043;15.43388557;212.11
Romania;2005;2.021731324;0.2981939;6784.92543;86.18374634;0.41262;46.38264847;7.170000076;53.174;14.66757488;218.87
Romania;2006;1.681241191;0.383;7373.224321;82.8973465;0.45682;52.47505951;7.269999981;53.305;12.5800581;236.72
Romania;2007;1.801827843;0.359;8024.254093;88.74555206;0.51148;58.27952957;6.409999847;53.436;10.02721977;239.86
Romania;2008;1.449865314;0.345;8918.493732;91.62953949;0.55215;65.79338074;5.789999962;53.567;11.87242508;241.67
Romania;2009;1.250121439;0.335;8496.918085;92.83528137;0.44395;68.59246063;6.860000134;53.698;16.49947548;247.49
Romania;2010;1.299344564;0.335;8214.076893;90.79528046;0.45688;63.99544144;6.960000038;53.829;16.39286232;254.72
Romania;2011;1.008028926;0.34;8411.916546;105.9072418;0.49832;58.18540955;7.179999828;53.96;10.79364014;244.1
Romania;2012;1.048079821;0.346;8621.872961;86.86118317;0.48383;49.71393967;6.789999962;53.974;9.991514206;262.68
Romania;2013;1.082811216;0.35;8980.284574;87.29103851;0.38787;46.84502029;7.099999905;53.937;5.518334866;266.36
Romania;2014;1.622086085;0.374;9339.275429;89.94735718;0.38225;47.13710022;6.800000191;53.9;5.30905962;264.06
Romania;2015;1.701364635;0.347;9660.429691;90.83973694;0.48793;46.72668839;6.809999943;53.887;5.241053104;262.49
Romania;2016;1.545744958;0.331;10172.95065;89.04149628;0.48033;48.24060822;5.900000095;53.9;;241.54
Romania;2017;1.297448057;0.351;10981.64036;86.53457642;0.5039;49.38187027;4.929999828;53.936;;242.41
Russian Federation;2003;28.88026209;0.51;7767.405042;89.46618652;1.28603;70.6703186;8.210000038;73.373;20.26000023;
Russian Federation;2004;27.24585173;0.51;8360.25165;83.77629089;1.15133;70.59243774;7.760000229;73.418;19.20586014;
Russian Federation;2005;24.803698;0.43;8929.301054;80.33177948;1.06797;72.56594086;7.119999886;73.463;19.56154633;
Russian Federation;2006;20.11390843;0.5;9693.197844;74.9905777;1.07294;72.79666901;7.059999943;73.508;18.27832222;613.08
Russian Federation;2007;17.71317922;0.48;10535.1258;72.17082214;1.11611;74.02127075;6;73.553;17.31210709;624.5
Russian Federation;2008;12.69679367;0.5;11087.82105;71.61820984;1.04435;74.89585876;6.210000038;73.598;15.91175652;628.3
Russian Federation;2009;12.32078522;0.42;10219.89424;71.50826263;1.25192;75.3270874;8.300000191;73.642;15.17272282;624.08
Russian Federation;2010;11.63234219;0.359;10674.99578;;1.1302;;7.369999886;73.687;14.49934387;543.53
Russian Federation;2011;11.25585197;0.3649;11125.34459;86.11064148;1.01261;76.18489075;6.539999962;73.732;14.83931732;519.82
Russian Federation;2012;11.2831178;0.4071483;11553.57642;86.63552094;1.02675;75.90708923;5.440000057;73.791;16.18842316;518.45
Russian Federation;2013;11.10892038;0.3519;11731.38178;91.08609772;1.02524;77.85031891;5.460000038;73.863;8.548370361;516.62
Russian Federation;2014;11.41673426;0.3437;11608.75864;96.0001297;1.07203;78.46309662;5.159999847;73.95;8.964206696;517.87
Russian Federation;2015;11.48118304;0.3376;11355.2363;95.43933105;1.10076;79.93813324;5.570000172;74.05;9.648420334;471.84
Russian Federation;2016;10.91995124;0.3391;11356.40004;95.93125153;1.09728;80.63262177;5.559999943;74.164;;412.54
Russian Federation;2017;9.134193423;0.326;11550.52512;;1.10656;81.90930939;5.210000038;74.292;;411.99
Serbia;2003;1.894055164;0.28;4195.287355;;0.52138;39.61336136;15.19999981;53.437;32.22999954;
Serbia;2004;1.774384232;0.3547365;4584.731171;;0.30444;40.93379974;18.5;53.661;31.04000092;
Serbia;2005;1.598900479;0.3646042;4852.840284;;0.3953;44.20524979;20.85000038;53.883;29.04184151;491.34
Serbia;2006;1.705679903;0.2969;5120.808902;;0.43985;46.81958008;20.85000038;54.105;26.87854385;469.29
Serbia;2007;1.878875387;0.287067;5472.709344;95.10050964;0.57877;47.99300003;18.05999947;54.328;24.71525002;350.01
Serbia;2008;1.545235955;0.2756142;5806.890325;95.19114685;0.66966;48.66537857;13.69999981;54.55;25.11081314;354.27
Serbia;2009;1.70668246;0.2797415;5670.955192;95.53898621;0.8173;49.84967041;16.13999939;54.772;24.53758621;360.72
Serbia;2010;1.445848846;0.2865;5735.422857;94.59861755;0.70228;49.08272171;19.21999931;54.993;29.72080994;372.34
Serbia;2011;1.506064251;0.2538;5898.596188;97.79564667;0.68334;51.59376907;22.96999931;55.215;28.54561806;379.11
Serbia;2012;1.241594628;0.38;5886.894618;102.6659012;0.85316;53.50003052;24;55.356;24.76041412;384.26
Serbia;2013;1.592126017;0.383;6086.72664;96.01579285;0.68367;56.38087845;22.14999962;55.469;18.88146782;379.96
Serbia;2014;1.348574624;0.4;6018.165914;96.28230286;0.72309;58.05496979;19.21999931;55.583;15.48405838;501.6
Serbia;2015;1.171596403;0.398;6157.246684;101.8180695;0.81146;58.28768921;17.65999985;55.696;15.28219414;477.93
Serbia;2016;1.389208426;0.378;6396.220804;95.14308929;0.83951;62.13697052;15.26000023;55.81;;
Serbia;2017;1.064598115;0.356;6565.463903;94.93034363;0.87353;66.48674011;13.47999954;55.942;;
Slovenia;2003;1.056415081;0.3086603;20305.51678;96.27454376;1.24528;68.98806763;6.480000019;51.082;23.36448669;378.57
Slovenia;2004;1.35662985;0.238;21177.10169;;1.36806;72.36907196;6.010000229;51.308;27.18893814;384.02
Slovenia;2005;1.002516819;0.237;21943.36143;;1.41229;79.24755096;6.510000229;51.533;23.76325226;395.04
Slovenia;2006;0.599272782;0.232;23130.38375;96.01061249;1.53291;82.57848358;5.949999809;51.758;20.83012962;392.46
Slovenia;2007;1.192767061;0.234;24606.93237;;1.42382;84.57386017;4.820000172;51.983;19.68562889;396.17
Slovenia;2008;0.4943034;0.227;25430.34911;;1.62564;85.51544952;4.369999886;52.209;16.99544716;384.53
Slovenia;2009;0.639195361;0.238;23299.20458;101.2435074;1.81629;86.44242859;5.860000134;52.433;24.90842438;385.55
Slovenia;2010;0.734093659;0.238;23509.54314;99.2858963;2.05763;89.15319061;7.239999771;52.658;6.735751152;380.62
Slovenia;2011;0.780001541;0.237;23662.83082;97.96251678;2.42358;86.01754761;8.170000076;52.883;6.991358757;372.06
Slovenia;2012;0.680329629;0.244;22989.92971;96.22952271;2.57319;87.01795959;8.840000153;53.108;5.664487839;358.16
Slovenia;2013;0.581643336;0.25;22722.43708;94.52288818;2.5801;85.28806305;10.10000038;53.332;4.852941036;349.59
Slovenia;2014;0.773885991;0.245;23328.47494;94.02603912;2.36743;82.23113251;9.670000076;53.557;3.613666058;390.61
Slovenia;2015;0.965624259;0.244;23826.1315;98.99796295;2.19504;80.26098633;8.960000038;53.781;12.22301674;394.54
Slovenia;2016;0.482112424;0.237;24568.63634;96.65590668;2.01191;77.84908295;8;54.02;;396.24
Slovenia;2017;0.915047474;0.234;25729.5753;97.95059204;1.86581;78.58899689;6.559999943;54.273;;395.18
Spain;2003;1.378048948;0.31;30037.62486;;1.02219;63.96755981;11.27999973;76.778;21.88391304;
Spain;2004;1.200692384;0.322;30445.74886;;1.03849;66.09031677;11.09000015;77.022;22.0833683;320.92
Spain;2005;1.176761424;0.319;31028.99677;;1.09577;67.15335083;9.149999619;77.263;22.47191048;325.49
Spain;2006;1.06419699;0.319;31760.60254;;1.17217;68.53449249;8.449999809;77.502;23.53134155;335.52
Spain;2007;1.060994622;0.324;32301.969;;1.23448;68.75184631;8.229999542;77.74;24.04918098;343.03
Spain;2008;0.883461047;0.329;32072.76459;;1.31706;69.74542236;11.25;77.976;24.26520538;358.18
Spain;2009;0.884432076;0.335;30593.60984;79.47364044;1.35134;71.5843277;17.86000061;78.21;20.47871399;370.79
Spain;2010;0.854445688;0.34;30502.71971;77.75878906;1.34961;75.91094971;19.86000061;78.442;18.71660614;380.37
Spain;2011;0.817683334;0.342;30146.99924;;1.32508;80.0379715;21.38999939;78.673;17.23805237;384.65
Spain;2012;0.773430388;0.337;29235.82869;;1.28788;82.27033234;24.79000092;78.902;15.94530392;381.01
Spain;2013;0.643504017;0.347;28910.75584;;1.26859;83.72563934;26.09000015;79.133;13.91747189;374.84
Spain;2014;0.69049661;0.33;29398.61031;88.01181793;1.23535;85.4462738;24.44000053;79.366;13.2196188;369.43
Spain;2015;0.647070029;0.345;30549.79181;91.04118347;1.21832;85.61177826;22.05999947;79.602;12.47119141;363.86
Spain;2016;0.630439538;0.32;31449.28417;91.93804932;1.18526;86.51608276;19.62999916;79.84;;359.92
Spain;2017;0.658128503;0.332;32308.59201;95.34044647;1.2058;88.85301208;17.21999931;80.08;;359.28
Sweden;2003;0.949567997;0.23;47212.70854;;3.60977;81.41976166;5.550000191;84.196;20.74019241;182.01
Sweden;2004;1.1901249;0.234;49066.89619;;3.38737;83.76122284;6.690000057;84.258;21.29023552;187.87
Sweden;2005;0.918281062;0.24;50268.17571;;3.38312;81.95384216;7.489999771;84.319;20.04879951;188.88
Sweden;2006;1.000421056;0.234;52316.96324;;3.49609;79.32479858;7.070000172;84.43;21.58983421;191.55
Sweden;2007;1.211401449;0.251;53716.4434;;3.25273;74.83711243;6.159999847;84.588;20.52458;194.98
Sweden;2008;0.887788608;0.263;53059.45393;;3.49104;70.73696136;6.230000019;84.746;19.46840096;198.37
Sweden;2009;0.998594988;0.255;50326.22205;93.69757843;3.44598;70.74315643;8.350000381;84.902;19.83255577;205.56
Sweden;2010;0.969099878;0.26;52869.04429;93.39112854;3.21262;73.67311096;8.609999657;85.056;21.50160599;216.1
Sweden;2011;0.855630338;0.26;54147.9404;92.54730988;3.24522;72.82540131;7.800000191;85.297;22.80701637;215.46
Sweden;2012;0.712577848;0.26;53432.64485;94.76467896;3.27772;68.81764984;7.980000019;85.62;22.93519592;208.43
Sweden;2013;0.904552457;0.269;53611.10179;97.7388382;3.30252;63.21715927;8.050000191;85.936;23.51913261;207.02
Sweden;2014;0.897634856;0.267;54492.59912;104.4557419;3.14261;62.18059158;7.949999809;86.247;24.2546463;200.85
Sweden;2015;1.146959395;0.276;56339.9943;105.7942276;3.26418;62.28247833;7.429999828;86.553;22.56900597;203.82
Sweden;2016;1.077673523;0.28;56788.54308;108.2479095;3.26923;63.54801941;6.989999771;86.852;;203.59
Sweden;2017;1.140850054;0.27;57467.24997;109.6091614;3.39676;66.9882431;6.71999979;87.146;;199.3
Switzerland;2003;1.0043527;;67385.29779;;;44.03966904;4.119999886;73.427;42.389431;208.52
Switzerland;2004;1.065031361;0.3039;68781.61265;97.50998688;2.67269;45.60078049;4.320000172;73.452;40.79893112;211.26
Switzerland;2005;1.015322159;0.276;70471.43866;98.0241394;;45.80414963;4.440000057;73.478;30.61756516;222.61
Switzerland;2006;0.804509436;0.304;72823.83732;;;46.53779984;4;73.504;42.05137634;223.24
Switzerland;2007;0.676663059;0.311;75143.70226;;;47.24253082;3.650000095;73.53;41.58772278;214.93
Switzerland;2008;0.708398696;0.307;75793.63316;96.18022156;2.71472;48.83327866;3.349999905;73.556;44.31454086;214.17
Switzerland;2009;0.661143997;0.296;73189.19264;93.28114319;;50.14809036;4.119999886;73.581;44.97769928;221.13
Switzerland;2010;0.665926123;0.297;74605.72108;93.32449341;;52.93772888;4.800000191;73.607;44.50997543;220.36
Switzerland;2011;0.581763878;0.288;75029.75789;94.79602814;;54.48451996;4.400000095;73.631;42.76573181;218.33
Switzerland;2012;0.561937641;0.285;74984.13715;96.17462921;3.18623;55.52046967;4.480000019;73.653;45.1163559;220.15
Switzerland;2013;0.702933428;0.295;75499.70682;94.97170258;;56.27014923;4.75;73.674;43.82140732;219.71
Switzerland;2014;0.499634231;0.296;76410.85671;95.65590668;;57.22972107;4.829999924;73.696;42.49118042;217.13
Switzerland;2015;0.68701393;0.294;76553.28226;96.94525909;3.3716;57.70735168;4.800000191;73.718;42.41305161;218.75
Switzerland;2016;0.536998287;0.301;77026.33561;98.39038086;;58.04695129;4.920000076;73.739;;219.12
Switzerland;2017;0.532179285;0.297;77684.04821;96.31986237;3.37286;59.56298828;4.800000191;73.761;;218.91
Turkey;2003;4.292670102;0.4218434;8405.290428;;0.46945;;10.53999996;66.602;49.1018219;481.46
Turkey;2004;4.348544335;0.43;9101.755567;87.02439117;0.50215;30.6;10.84000015;67.225;54.93656921;488.53
Turkey;2005;4.867204044;0.449;9789.819592;91.46949768;0.56931;32.8;10.64000034;67.84;55.3657608;486.44
Turkey;2006;4.607543669;0.432;10340.0717;90.47634125;0.55749;36.6;8.720000267;68.45;62.45533371;473.75
Turkey;2007;5.172325532;0.43;10732.78741;92.96333313;0.69182;38.5;8.869999886;69.053;58.15919495;483.3
Turkey;2008;4.625197668;0.442;10691.68943;96.58486938;0.69292;39.9;9.710000038;69.651;55.96654892;488.1
Turkey;2009;5.176566486;0.435;10047.20357;93.27037811;0.8094;46.2;12.55000019;70.241;32.57246399;516.16
Turkey;2010;4.236316091;0.433;10742.43007;101.8682404;0.79892;56;10.65999985;70.825;27.40985489;513.61
Turkey;2011;4.167843653;0.428;11763.93516;96.11074829;0.79988;60.7;8.800000191;71.402;27.77089119;504.54
Turkey;2012;4.308044123;0.421;12127.58618;95.32122803;0.83217;69.3;8.149999619;71.974;22.86479568;506.26
Turkey;2013;;0.412;12935.6872;94.67233276;0.81821;79;8.729999542;72.531;19.50617027;
Turkey;2014;;0.419;13345.5911;96.86766052;0.86077;86.3;9.880000114;73.077;13.99394989;
Turkey;2015;2.846067371;0.426;13923.68289;94.90615845;0.8815;94.7;10.23999977;73.611;14.62693691;
Turkey;2016;3.33843314;0.419;14153.4629;;0.94464;;10.84000015;74.134;;
Turkey;2017;3.085687267;0.43;14975.08728;87.50611877;0.96105;;10.81999969;74.644;;
Uganda;2003;8.221535905;0.428;611.0479941;19.14423943;0.25612;3.796380043;3.599999905;16.061;61.51960373;
Uganda;2004;7.639450735;;632.1855825;18.95763016;0.26056;3.668989897;;16.507;60.15418625;
Uganda;2005;9.001397528;0.4294474;651.2573466;;0.21514;;1.899999976;16.96;60.47354507;
Uganda;2006;9.435984667;;699.0978263;20.77218056;0.30033;3.574219942;;17.425;58.97529221;
Uganda;2007;8.9702569;;734.3935205;22.57990074;0.38821;;;17.899;58.40909958;
Uganda;2008;9.177919339;;773.5483389;23.9428196;0.32632;3.888099909;;18.384;55.89226532;124.87
Uganda;2009;10.29254121;0.4419556;800.4026508;25.42012024;0.35331;4.320330143;3.599999905;18.878;55.18558121;110.95
Uganda;2010;9.744615822;;819.0073159;27.99541092;0.47556;4.063210011;;19.383;55.60998917;115.79
Uganda;2011;11.21075831;;867.8584481;27.10889053;;4.55328989;;19.898;51.49120712;114.01
Uganda;2012;11.76548886;0.4100997;872.9414914;25.75736046;;3.91012001;3.549999952;20.424;53.81119919;126.36
Uganda;2013;10.80558054;0.4;875.4732809;29.68144035;;;1.909999967;20.958;55.07480621;116.43
Uganda;2014;12.1181647;;889.841662;30.05451012;0.17043;4.836639881;;21.504;54.18616104;122.07
Uganda;2015;;;903.8472315;;;;;22.06;51.70999908;
Uganda;2016;11.30414498;0.419;913.0915833;28.86174011;;;;22.624;;
Uganda;2017;11.50204627;;912.9865632;26.42557907;;;9.43999958;23.196;;
Ukraine;2003;8.492624688;0.268;2353.604368;105.0823593;1.11287;60.84936142;9.06000042;67.427;13.04636574;266.32
Ukraine;2004;7.384975512;0.2893402;2658.688636;102.4152985;1.08258;65.71183014;8.590000153;67.597;11.90854359;270.69
Ukraine;2005;6.46182538;0.2902071;2758.518075;103.4621887;1.03197;70.30892181;7.179999828;67.79;11.20855618;349.69
Ukraine;2006;6.346632059;0.2979439;2983.854155;99.72619629;0.95;75.3947525;6.809999943;67.969;11.5868721;358.13
Ukraine;2007;5.706725182;0.2701269;3229.65318;98.88372803;0.85403;78.89259338;6.349999905;68.147;12.30275917;
Ukraine;2008;5.342437112;0.2663823;3322.005127;101.8214111;0.84727;81.24918365;6.360000134;68.325;13.71603203;371.76
Ukraine;2009;4.872643245;0.2531666;2844.321234;62.30350876;0.85727;81.96871185;8.840000153;68.502;15.82157612;389.09
Ukraine;2010;4.341361518;0.2481898;2965.139715;116.3673782;0.83346;80.17552948;8.100000381;68.596;25.5559082;385.89
Ukraine;2011;;0.2455184;3138.465137;104.3105316;0.7378;82.19396973;7.849999905;68.689;24.4317627;
Ukraine;2012;5.139283719;0.2474066;3153.735454;100.3109589;0.75167;81.71401978;7.53000021;68.782;22.53000069;
Ukraine;2013;;0.2455499;3160.080518;97.9413681;0.76175;80.15564728;7.170000076;68.875;23.96000099;
Ukraine;2014;6.306591685;0.2402537;3123.900089;94.37716675;0.65034;82.67118073;9.270000458;68.968;25.38999939;
Ukraine;2015;;0.2545754;2828.885069;;0.61477;;9.140000343;69.061;26.8200016;
Ukraine;2016;;0.250022;2903.795409;;0.48339;;9.350000381;69.154;;
Ukraine;2017;6.183730571;0.2604905;2988.504215;;0.44839;;9.5;69.246;;
Uruguay;2003;5.927198953;0.474;8041.240177;74.27339935;;42.44367981;16.65999985;92.828;85.23685455;510.98
Uruguay;2004;6.021401264;0.476;8449.209088;72.6847229;;43.63362885;12.97999954;93.078;81.56660461;507.89
Uruguay;2005;5.719792197;0.463;9078.637456;70.45678711;;45.33480072;12.01000023;93.319;70.82540894;
Uruguay;2006;6.074451728;0.462;9440.50698;68.1876297;0.36539;46.05366135;10.84000015;93.553;60.08421707;
Uruguay;2007;5.822760571;0.47;10038.89509;65.79113007;0.42472;50.69181061;9.399999619;93.779;61.09999847;
Uruguay;2008;6.61632868;0.456;10732.01128;69.6182785;0.37973;50.93381119;8.029999733;93.998;62.30000305;
Uruguay;2009;6.746921195;0.448;11155.84525;73.06481934;0.41252;;7.739999771;94.209;63.5;
Uruguay;2010;6.102510871;0.438;11992.01663;74.28864288;0.34115;51.23524094;7.159999847;94.414;64.75862122;671.87
Uruguay;2011;5.906927015;0.415;12574.90357;;0.3487;;6.309999943;94.612;63.26350403;671.09
Uruguay;2012;7.901804541;0.392;12981.14011;;0.3276;;6.449999809;94.739;67.16925049;684.43
Uruguay;2013;7.670892739;0.399;13541.20711;;0.32113;59.87363052;6.440000057;94.843;63.32557297;690.82
Uruguay;2014;7.881335322;0.394;13934.57617;;0.33579;60.7204895;6.550000191;94.945;65.54181671;674.03
Uruguay;2015;8.587306086;0.394;13938.79007;;0.36446;59.6962204;7.489999771;95.045;69.36775208;680.54
Uruguay;2016;7.826785069;0.392;14124.14386;;0.40845;62.54457092;7.840000153;95.144;;
Uruguay;2017;8.263873633;0.392;14437.38469;;0.48393;63.12577057;7.889999866;95.24;;
